date,tavg,tmin,tmax,prcp,snow,wdir,wspd,wpgt,pres,tsun
01/01/2018,5.8,2.7,8.5,4,0,,,,,
02/01/2018,4.1,1.8,6.3,2.3,0,,,,,
03/01/2018,6.2,2.2,13.1,9.8,0,,,,,
04/01/2018,7.4,3.2,12.1,24.8,0,,,,,
05/01/2018,9.2,6.7,11.6,0.5,0,,,,,
06/01/2018,5.6,3.1,6.7,0,0,,,,,
07/01/2018,4.3,2.5,5.8,0,0,,,,,
08/01/2018,3.9,2.1,7.6,0,0,,,,,
09/01/2018,5,2.3,9.1,0,0,,,,,
10/01/2018,4.1,1.5,6.4,0,0,,,,,
11/01/2018,4.3,2.7,6.8,0,0,,,,,
12/01/2018,2.5,1.7,4.1,0,0,,,,,
13/01/2018,1.5,-1.6,3.3,0,0,,,,,
14/01/2018,-1.1,-2.9,0.5,0,0,,,,,
15/01/2018,1.2,-1.9,5.1,1.9,0,,,,,
16/01/2018,6.1,3.5,9.1,16.1,0,,,,,
17/01/2018,1.7,-0.8,4.2,4.1,0,,,,,
18/01/2018,4.4,0.8,7.6,11.2,0,,,,,
19/01/2018,3.8,1.1,6.4,0.4,0,,,,,
20/01/2018,3.2,0.9,5.7,11.2,0,,,,,
21/01/2018,2.5,-0.2,5.8,20.7,0,,,,,
22/01/2018,6.7,0.4,9.1,17.1,0,,,,,
23/01/2018,5.3,2.9,7.3,0,0,,,,,
24/01/2018,5.8,1.7,9.9,0,0,,,,,
25/01/2018,7.1,4.2,9.7,0,0,,,,,
26/01/2018,5.6,3.5,8.4,0,0,,,,,
27/01/2018,5.8,4.8,6.8,0,0,,,,,
28/01/2018,5.9,3.3,8.8,0,0,,,,,
29/01/2018,6.1,3.2,9.8,0,0,,,,,
30/01/2018,6.7,5.1,8.7,0,0,,,,,
31/01/2018,6.6,4,8.6,7.8,0,,,,,
01/02/2018,2.3,-0.2,6.9,4.2,0,,,,,
02/02/2018,1.4,-0.4,4.5,0,,,,,,
03/02/2018,0.3,-1,2.4,0.5,0,,,,,
04/02/2018,0.4,-1.6,2.7,0,0,,,,,
05/02/2018,-0.5,-2.2,2.1,0,0,,,,,
06/02/2018,-1.7,-3.1,1.6,0,0,,,,,
07/02/2018,-0.7,-2.6,0.5,1.4,0,,,,,
08/02/2018,-0.7,-1.8,0.5,0.3,10,,,,,
09/02/2018,-0.1,-0.9,1.2,0.1,0,,,,,
10/02/2018,-0.1,-1.2,1.6,0,0,,,,,
11/02/2018,0.9,-0.4,2.3,4,0,,,,,
12/02/2018,-0.1,-2.6,2.7,1.1,20,,,,,
13/02/2018,-2.1,-4.5,2,0,10,,,,,
14/02/2018,-2.1,-5,2.6,0,0,,,,,
15/02/2018,0,-3.6,4.8,15.8,0,,,,,
16/02/2018,4.7,3.3,6.5,2.2,0,,,,,
17/02/2018,2.2,-0.1,4,13.5,0,,,,,
18/02/2018,-0.3,-0.9,0.3,0,0,,,,,
19/02/2018,-0.3,-1.2,0.9,0,0,,,,,
20/02/2018,-1.1,-2.2,0.1,0,0,,,,,
21/02/2018,-1.9,-3.1,-0.7,0,0,,,,,
22/02/2018,-2.9,-3.8,-2.2,0,0,,,,,
23/02/2018,-3,-3.4,-2.5,0,0,,,,,
24/02/2018,-2.1,-3.7,-0.8,0,0,,,,,
25/02/2018,-6.2,-8.8,-3.6,0,0,,,,,
26/02/2018,-9.7,-11.1,-7.6,0,0,,,,,
27/02/2018,-9.7,-11.2,-7.3,0,0,,,,,
28/02/2018,-8.2,-13.1,-3.5,0.7,0,,,,,
01/03/2018,-6.3,-8.6,-3.8,0.8,10,,,,,
02/03/2018,-4.3,-8.2,-0.3,2.2,10,,,,,
03/03/2018,-0.9,-4.8,2.4,2.4,20,,,,,
04/03/2018,3.8,-1,10.4,0,0,,,,,
05/03/2018,5.9,1.6,11.3,0,0,,,,,
06/03/2018,4.6,1.3,8.7,0.7,0,,,,,
07/03/2018,4.4,2.4,7.5,2.1,0,,,,,
08/03/2018,5.9,1.4,10.8,0,0,,,,,
09/03/2018,8.6,4.9,11.9,0.1,0,,,,,
10/03/2018,8,5.9,10,1.7,0,,,,,
11/03/2018,7.2,3,10.3,0,,,,,,
12/03/2018,8.1,6.1,12.4,4.3,0,,,,,
13/03/2018,5.8,4.8,7.1,1.5,0,,,,,
14/03/2018,6.9,3,12.2,0,0,,,,,
15/03/2018,5.4,1.2,11.9,0.9,0,,,,,
16/03/2018,6.8,2.7,11.9,0.1,0,,,,,
17/03/2018,3.6,-0.6,5.9,8.8,0,,,,,
18/03/2018,-1.2,-2.3,0,1.3,20,,,,,
19/03/2018,-1.8,-3.1,-0.2,0.3,30,,,,,
20/03/2018,-1.7,-3.5,1.9,0.8,10,,,,,
21/03/2018,-0.6,-3.2,3.3,0,10,,,,,
22/03/2018,-0.3,-4.6,4.9,0.9,0,,,,,
23/03/2018,3.1,0.1,7.9,0,0,,,,,
24/03/2018,4.6,-1.3,11.5,0,0,,,,,
25/03/2018,7.3,1.1,13.8,0,0,,,,,
26/03/2018,6.3,4.4,9.6,3.4,0,,,,,
27/03/2018,5.4,3.2,9.6,5.6,0,,,,,
28/03/2018,8.2,5.7,11,11.7,0,,,,,
29/03/2018,4.8,1.6,7.5,3,0,,,,,
30/03/2018,4.8,-0.6,13.8,10.9,0,,,,,
31/03/2018,3.2,1.2,5.2,2.9,0,,,,,
01/04/2018,4.6,1.8,8.3,1.4,0,,,,,
02/04/2018,7.4,0.2,14.3,0,0,,,,,
03/04/2018,12.9,7,18.9,0,0,,,,,
04/04/2018,10.6,7,20.8,2.8,0,,,,,
05/04/2018,8.5,4.8,13.7,0.1,0,,,,,
06/04/2018,9.4,2.3,16.7,0,0,,,,,
07/04/2018,13.1,4.1,22,0,0,,,,,
08/04/2018,15.8,9,22.8,0,0,,,,,
09/04/2018,14.6,11.5,18.2,0,0,,,,,
10/04/2018,10.3,4.9,17.5,0,0,,,,,
11/04/2018,11.4,3.1,18.6,0,0,,,,,
12/04/2018,13.8,9.4,18.7,0,0,,,,,
13/04/2018,11.3,8,15.2,0.1,0,,,,,
14/04/2018,12.5,6,18.9,0,0,,,,,
15/04/2018,12.8,7.8,17.6,1.8,0,,,,,
16/04/2018,12,10.4,15.4,0.1,0,,,,,
17/04/2018,14.3,8.1,21.3,0,0,,,,,
18/04/2018,16.3,8.6,23.6,0,0,,,,,
19/04/2018,17.2,9.6,24.9,0,0,,,,,
20/04/2018,18.1,10.8,26,0,0,,,,,
21/04/2018,18.8,11.5,26.2,0,0,,,,,
22/04/2018,18.9,12,26.3,0,0,,,,,
23/04/2018,16.3,11.8,21.3,1,0,,,,,
24/04/2018,16.1,10.9,22.5,0,0,,,,,
25/04/2018,17,11.9,23,0,0,,,,,
26/04/2018,11.2,9.1,13.7,0,0,,,,,
27/04/2018,14.4,5.8,22.5,0,0,,,,,
28/04/2018,15.7,10.6,21.6,0,0,,,,,
29/04/2018,17.7,10.4,25.8,2,0,,,,,
30/04/2018,11,7.1,15.5,3.4,0,,,,,
01/05/2018,8.7,6.4,12.3,0.3,0,,,,,
02/05/2018,10.4,7.8,13.1,0,0,,,,,
03/05/2018,12.4,9.3,15.8,0,0,,,,,
04/05/2018,14.9,12.3,18.7,0,0,,,,,
05/05/2018,17.7,13.8,23.7,0,0,,,,,
06/05/2018,17.2,12.7,24.5,0,0,,,,,
07/05/2018,16.7,9.9,24.3,0,0,,,,,
08/05/2018,18.2,11.9,25.1,0,0,,,,,
09/05/2018,16.3,10.9,23.8,1.6,0,,,,,
10/05/2018,11.8,9.7,14.5,8,,,,,,
11/05/2018,14.3,7.8,20.6,0,0,,,,,
12/05/2018,17.8,11.2,24.6,0.1,,,,,,
13/05/2018,12.1,8.9,15.3,1.1,,,,,,
14/05/2018,10.1,8.2,13.6,16.9,0,,,,,
15/05/2018,10.4,8.7,13.7,14.2,0,,,,,
16/05/2018,10.6,9.1,12.1,12,0,,,,,
17/05/2018,11.5,9.6,14.3,4.9,0,,,,,
18/05/2018,14.4,10.6,21,0,0,,,,,
19/05/2018,13.7,8.7,19.9,0,0,,,,,
20/05/2018,13.5,8.8,17.6,0,0,,,,,
21/05/2018,15.4,10.1,23.3,1,0,,,,,
22/05/2018,16.4,10.9,24,8.7,0,,,,,
23/05/2018,16.1,12.6,21.6,7.9,0,,,,,
24/05/2018,17.4,12.8,23,0,0,,,,,
25/05/2018,19,12.6,25.4,0,0,,,,,
26/05/2018,20.6,13.7,27,0,,,,,,
27/05/2018,21.1,16.4,26.4,0,0,,,,,
28/05/2018,21.3,15.8,27.1,1,0,,,,,
29/05/2018,18.6,15.4,23.1,0.2,0,,,,,
30/05/2018,18.9,14.2,27.4,11.2,0,,,,,
31/05/2018,18.3,13.9,24.3,17.6,0,,,,,
01/06/2018,17.6,12.7,24.1,0.6,0,,,,,
02/06/2018,19,13.6,24.8,0,,,,,,
03/06/2018,20.1,13.9,26,0,0,,,,,
04/06/2018,18.8,15.3,27,5.5,0,,,,,
05/06/2018,19.9,15.1,26.2,0,0,,,,,
06/06/2018,20.3,16.5,25.9,1.1,0,,,,,
07/06/2018,19.4,16.6,24,0,0,,,,,
08/06/2018,18.2,15.6,24.5,13.7,0,,,,,
09/06/2018,20.3,16.3,26.1,0,0,,,,,
10/06/2018,21.7,16,27.3,0,0,,,,,
11/06/2018,18.8,15.8,22.7,6.8,0,,,,,
12/06/2018,16.9,14.6,19.2,31.9,0,,,,,
13/06/2018,12.6,10.7,15.1,4.1,0,,,,,
14/06/2018,14.6,9.1,20.1,0,0,,,,,
15/06/2018,16.7,10.8,22.4,0,0,,,,,
16/06/2018,18.5,11.6,24.3,0,0,,,,,
17/06/2018,18.6,16.5,22.6,0,0,,,,,
18/06/2018,18.9,15.6,23.9,0,0,,,,,
19/06/2018,19.9,14.2,25.7,0,0,,,,,
20/06/2018,22,15,28.7,0,0,,,,,
21/06/2018,22.2,16.1,27.2,0,0,,,,,
22/06/2018,14.9,10.6,19.9,0,0,,,,,
23/06/2018,15.4,9.3,21.4,0,0,,,,,
24/06/2018,16.1,11.2,21,0,0,,,,,
25/06/2018,16.9,13.2,21.7,0,0,,,,,
26/06/2018,18.2,11.5,24,0,0,,,,,
27/06/2018,18.8,13.7,24.8,0,0,,,,,
28/06/2018,16.6,12.8,21.8,0.8,0,,,,,
29/06/2018,18.6,14,24.3,0,0,,,,,
30/06/2018,22.6,15.7,29.8,0,,,,,,
01/07/2018,22.1,16.6,28.1,0,0,,,,,
02/07/2018,22.2,15.1,28.9,0.1,0,,,,,
03/07/2018,19.4,16.5,22.9,23.7,0,,,,,
04/07/2018,22.1,16.2,28.4,2.3,0,,,,,
05/07/2018,17.3,14.6,19.9,12.4,0,,,,,
06/07/2018,16.3,14.6,19.1,12.5,0,,,,,
07/07/2018,19.4,14.6,25.1,0,0,,,,,
08/07/2018,20.6,15.2,25.8,0,0,,,,,
09/07/2018,21.2,15.1,26.6,0,0,,,,,
10/07/2018,19,15.4,23.5,0,0,,,,,
11/07/2018,17,13.8,21.6,0,0,,,,,
12/07/2018,18.6,11,24.6,0,0,,,,,
13/07/2018,21.1,14.2,27.5,0,0,,,,,
14/07/2018,22.8,17,28.7,0,0,,,,,
15/07/2018,20.9,16.7,28.6,2.3,0,,,,,
16/07/2018,20.6,14.8,27.6,4,0,,,,,
17/07/2018,19.9,14.3,26.7,1.3,0,,,,,
18/07/2018,21.8,15.3,28.9,0,0,,,,,
19/07/2018,22.8,16.4,29.3,0,0,,,,,
20/07/2018,21.8,17,29.5,0.1,0,,,,,
21/07/2018,18.4,17.3,20.5,0,,230,6.3,24.1,1012.9,
22/07/2018,18.8,15.7,22.9,0.3,0,222,4.9,18.5,1014.2,
23/07/2018,20.2,16.4,25.5,0,0,42,4.6,16.7,1016,
24/07/2018,22.9,15.5,30.2,0,0,47,5.2,20.4,1013.3,
25/07/2018,24.6,17.9,31.1,0,0,67,3.9,20.4,1013.3,
26/07/2018,24.5,18.1,31.9,0,0,54,6.6,29.6,1012.6,
27/07/2018,24.3,17.5,31.6,0,0,55,4.8,20.4,1011.2,
28/07/2018,20.1,17.1,23.5,4.2,,205,6.5,27.8,1011.7,
29/07/2018,23.1,16.2,29.9,0,0,29,3.7,16.7,1014,
30/07/2018,25.6,18.6,32.8,0,0,223,3.7,18.5,1014.2,
31/07/2018,26.8,19.1,34.6,0,0,297,4.2,20.4,1014.7,
01/08/2018,24.7,19.1,33.4,5.6,0,32,5.2,27.8,1016.6,
02/08/2018,23.7,17.5,30.2,0,0,50,6.3,24.1,1018.9,
03/08/2018,26.1,19.5,32.7,0,0,49,7.6,29.6,1017.3,
04/08/2018,26.6,21.1,33.4,0,0,51,4.3,20.4,1015.9,
05/08/2018,26.7,20.8,33.5,0,0,42,4.8,22.2,1015.9,
06/08/2018,25.3,19.9,33.4,2.5,0,83,5.3,18.5,1014.8,
07/08/2018,25.1,20.7,32.7,0,0,189,5.2,24.1,1012.3,
08/08/2018,23.3,18.2,29.3,2.3,0,205,6.2,22.2,1013.3,
09/08/2018,21.1,17,31.4,6.5,0,176,6.1,35.2,1013.5,
10/08/2018,17.6,13.9,22.5,0,0,242,5.5,24.1,1023.1,
11/08/2018,18.7,13.9,24.5,0,0,298,5,22.2,1022.7,
12/08/2018,21.1,12.4,29.7,0,0,70,5.9,20.4,1016.5,
13/08/2018,20,16.2,23.5,21.2,0,214,6.8,27.8,1011.7,
14/08/2018,18.4,15.8,22.9,0.1,0,231,6.3,20.4,1015.6,
15/08/2018,19.9,14.9,26,0,,66,4,18.5,1019,
16/08/2018,21.1,14.5,28.2,0,0,58,4.4,16.7,1015.8,
17/08/2018,20.6,16.8,29.3,0.9,0,205,4.8,27.8,1015.4,
18/08/2018,20.6,16.5,25.5,0,0,34,3.8,18.5,1020.1,
19/08/2018,22.2,16.7,28.1,0,0,2,3.5,16.7,1020.1,
20/08/2018,23.3,17.4,29,0,0,349,3.4,16.7,1018.4,
21/08/2018,22.9,17.1,29.5,0,0,53,4.5,20.4,1017.7,
22/08/2018,23.8,17.8,31.4,1.1,0,152,3.8,18.5,1016.2,
23/08/2018,21.8,15.4,30,37.6,,198,5.1,24.1,1014.4,
24/08/2018,17.8,15.1,23,0.4,0,234,8.9,29.6,1014,
25/08/2018,13.1,9.3,15.6,4.6,0,248,7.2,31.5,1015.4,
26/08/2018,12.7,8.1,18.2,0,0,26,4.2,16.7,1017.7,
27/08/2018,18.5,13,24.3,0,0,227,5.6,25.9,1016.2,
28/08/2018,20.4,15.1,26.7,0,0,66,3.7,16.7,1017.2,
29/08/2018,19.2,15.6,27.4,10.1,,204,6.2,29.6,1014.9,
30/08/2018,15.9,14.2,17.9,1.2,0,255,7.5,25.9,1019.9,
31/08/2018,13.4,11.9,15,19.2,0,334,5.1,20.4,1020,
01/09/2018,12.2,11.4,13.4,2.1,0,15,6.2,24.1,1022.5,
02/09/2018,13.1,11.4,15.8,0.2,0,41,6.4,20.4,1021,
03/09/2018,15,11.7,19.1,0,0,45,3.8,14.8,1016.8,
04/09/2018,17.2,12.9,22.4,0,0,64,3.7,18.5,1015.8,
05/09/2018,18.2,12.5,24.4,0,0,57,4.1,14.8,1015.6,
06/09/2018,18.2,14.2,23,1.8,0,222,4.9,24.1,1012.8,
07/09/2018,17,14.3,20.9,0,0,251,6.5,22.2,1015.2,
08/09/2018,17,12.5,23.2,0,0,11,3.7,14.8,1019.9,
09/09/2018,18.3,12.3,25.6,0,0,85,3.3,14.8,1020.9,
10/09/2018,19.4,13.5,26.1,0,0,151,3.6,16.7,1022.6,
11/09/2018,20.2,14.1,27.2,0,0,178,3.7,20.4,1024.4,
12/09/2018,21.2,14.5,28.4,5.1,0,194,3.9,20.4,1021.8,
13/09/2018,18.9,15.1,25.9,23.9,0,216,3.8,18.5,1018,
14/09/2018,17.7,14.8,21.6,0,,349,4.2,14.8,1019.1,
15/09/2018,17.3,13.8,21.2,0,0,2,4.7,18.5,1022.8,
16/09/2018,16.7,10.9,21.3,0,0,71,5.4,16.7,1022.2,
17/09/2018,18.9,13.4,25,0,0,77,3.4,14.8,1020,
18/09/2018,20.8,15.1,25.1,0.1,0,188,3.8,18.5,1018,
19/09/2018,19.6,14.4,26.2,0,0,161,3.5,14.8,1020,
20/09/2018,19.9,15.1,26.2,0,0,165,3.2,14.8,1019.4,
21/09/2018,18.2,11.6,26.2,0.7,0,225,9.3,44.5,1015.4,
22/09/2018,14.2,10.7,18.4,0.8,0,240,5.6,25.9,1022.8,
23/09/2018,19.4,11.4,26.9,9.3,0,239,20,75.9,1016.9,
24/09/2018,9.8,5.7,13.4,0,0,21,8.9,38.9,1030.3,
25/09/2018,9.3,4.6,14.8,0,0,50,12,42.6,1034.3,
26/09/2018,10.5,3,18,0,,84,5.2,29.6,1035,
27/09/2018,14.3,8.9,22.2,0,0,146,2.9,13,1030,
28/09/2018,16.2,11.1,22.3,0,0,179,4.1,25.9,1022.5,
29/09/2018,12.7,9.6,16.3,0,0,46,11.7,38.9,1022.3,
30/09/2018,13.3,7.7,20.6,27.4,0,257,4.7,25.9,1018,
01/10/2018,9.3,7.2,11.1,0.2,0,261,8.1,31.5,1017.8,
02/10/2018,8.8,4.8,12.2,0,0,279,5.5,22.2,1025.1,
03/10/2018,11.7,9,15.6,0,0,242,5.3,18.5,1026.1,
04/10/2018,12.2,8.6,18.3,0,0,44,7.5,27.8,1025.8,
05/10/2018,13.3,8,20.9,0,0,91,3.6,14.8,1021.6,
06/10/2018,15.4,11.3,21.3,0,0,191,3.3,14.8,1015,
07/10/2018,15.5,12.3,20.9,0,0,67,4,22.2,1013.5,
08/10/2018,13.3,10.4,17.5,0,0,39,5.3,18.5,1019.2,
09/10/2018,14.3,12.1,18.5,0,0,41,4.3,16.7,1021.3,
10/10/2018,15.1,12.2,20.2,0,0,48,6.8,22.2,1017.4,
11/10/2018,13.6,10,17.2,0,0,34,4.9,20.4,1015.5,
12/10/2018,15.6,10.9,21.9,0,0,76,2.7,13,1022.6,
13/10/2018,15,10.8,21,0,0,81,3,14.8,1022.1,
14/10/2018,15.3,9.2,21.9,0,0,83,3.5,14.8,1014.8,
15/10/2018,15.4,9.6,22.6,0,0,55,4.3,18.5,1013.9,
16/10/2018,14,9.7,20.8,0,0,47,3.1,16.7,1018,
17/10/2018,13.1,8.4,20.1,0,0,46,4.1,16.7,1018.4,
18/10/2018,13.1,9.1,18.1,0,0,43,7.3,24.1,1018.4,
19/10/2018,10.9,8.3,15.2,0,0,42,6.5,18.5,1021.1,
20/10/2018,11.7,9,16.2,0,0,43,4.8,14.8,1026.7,
21/10/2018,9.4,5.4,14.3,0,0,45,7.1,25.9,1026.7,
22/10/2018,7.4,2.7,12.8,0,,41,6.5,20.4,1027.2,
23/10/2018,9.7,3.9,13.6,0.1,0,305,5.5,20.4,1029.9,
24/10/2018,11.6,9.2,15.2,0,0,261,6.5,24.1,1027.6,
25/10/2018,11.4,7.7,17.2,0,0,318,3.5,16.7,1022,
26/10/2018,10.1,7.6,15,4.5,0,282,4.8,22.2,1013.5,
27/10/2018,5.3,2.8,7.9,24.2,0,21,6.2,27.8,1009,
28/10/2018,2,0.5,2.8,1.3,0,45,10.4,31.5,1005.3,
29/10/2018,4.1,2.2,8.9,15.4,0,49,8.7,33.3,997.8,
30/10/2018,4.2,2.2,7.7,3,0,229,14.6,57.4,999.9,
31/10/2018,5.1,1.7,8.4,0,0,58,7.2,25.9,1014.3,
01/11/2018,8,3.9,13,0,0,284,5.5,25.9,1014.6,
02/11/2018,8.9,6.3,11.9,0,0,29,3.3,14.8,1022,
03/11/2018,9.4,7.4,11.9,0,0,41,7.2,25.9,1025.2,
04/11/2018,8.3,6.7,9.1,0,0,51,5.2,18.5,1017.3,
05/11/2018,8.8,7,13.1,0,0,50,5,13,1010.1,
06/11/2018,9.9,7.5,13.1,0,0,0,6.1,24.1,1009,
07/11/2018,9.2,5.3,13.8,0.4,0,269,3.9,16.7,1013.4,
08/11/2018,9.6,7.4,12.9,0,0,29,4.5,18.5,1020.2,
09/11/2018,8.5,6.6,13.1,0,0,42,3.9,13,1016.7,
10/11/2018,8.2,6.4,10.5,0.9,0,342,4.2,14.8,1012.8,
11/11/2018,10.4,8,14.4,1.4,0,55,4.1,16.7,1014.6,
12/11/2018,10,5.6,16.4,0.2,0,26,4.2,16.7,1019.3,
13/11/2018,8.8,6.7,10.4,2.6,0,225,4.3,18.5,1028.1,
14/11/2018,6.5,5.4,7.5,0.1,0,48,4.2,14.8,1030.2,
15/11/2018,5.8,5,6.8,0.1,0,58,4.2,13,1027.4,
16/11/2018,4,2.6,4.9,0,0,49,6.7,22.2,1027.3,
17/11/2018,2.8,0.7,5.3,0,,47,9,27.8,1025.6,
18/11/2018,-0.1,-1.4,1,0,0,43,8.4,24.1,1023.1,
19/11/2018,0.2,-0.5,1.1,0,0,44,11.1,38.9,1011.7,
20/11/2018,-0.2,-1.9,1.3,0,,43,7.5,24.1,1007,
21/11/2018,-0.3,-1.5,0.7,0.5,0,30,5,18.5,1014.6,
22/11/2018,1.1,-0.1,2.9,0,,46,3.6,13,1020,
23/11/2018,1,-0.5,2.2,0.1,0,46,4.8,16.7,1019.1,
24/11/2018,5.3,2.2,9.5,0.1,0,213,5.1,18.5,1014.8,
25/11/2018,1.6,-0.7,2.9,0,0,48,3.8,13,1009.9,
26/11/2018,2.3,1.4,3.3,5.6,0,23,4.8,14.8,1007.6,
27/11/2018,2.3,1.2,2.9,1.9,,285,3.6,13,1019.1,
28/11/2018,2.2,0.2,3.9,0,0,73,3.9,11.1,1024.5,
29/11/2018,2.8,0.3,4.7,0,0,77,3,11.1,1021.6,
30/11/2018,5.1,2.5,6.5,3.1,0,222,4.8,14.8,1018.2,
01/12/2018,5.7,4.6,8.5,0.6,0,210,5.5,16.7,1019.3,
02/12/2018,6.8,5.1,8.4,33.7,0,220,12.6,44.5,1013.4,
03/12/2018,10.8,8.7,13,15.2,0,229,21.2,59.3,1011.7,
04/12/2018,7.9,5.2,10.1,5.3,0,237,14,61.1,1020.9,
05/12/2018,6.2,5.3,7.6,2.7,0,77,3.7,11.1,1024.8,
06/12/2018,8.6,6.6,10.9,0.8,0,222,8.1,24.1,1022.8,
07/12/2018,9.2,4.8,11.4,4.3,0,228,15.3,77.8,1018.1,
08/12/2018,5.8,3.9,7.8,4.5,0,235,27.6,72.2,1017.4,
09/12/2018,6.1,3.7,9,12.4,0,240,34.7,96.3,1012.1,
10/12/2018,3.5,1.5,5,5.6,0,247,14.7,48.2,1024.4,
11/12/2018,1.1,-2,3.9,0,0,281,5.2,25.9,1025.9,
12/12/2018,-1.1,-3.3,1.9,0,0,53,7.7,27.8,1022.9,
13/12/2018,-1.3,-3.3,1.4,0,0,52,9.5,27.8,1016.4,
14/12/2018,-2.1,-2.7,-1.1,0,0,45,8.7,25.9,1019.4,
15/12/2018,-2.6,-4.6,-1.1,7.9,0,49,6.7,22.2,1024.1,
16/12/2018,0.1,-2.9,2.4,0,60,126,5.5,22.2,1016.4,
17/12/2018,1.8,-0.5,4,0,20,251,6,22.2,1024,
18/12/2018,-0.8,-2.3,1.6,0,10,87,3.7,13,1027.1,
19/12/2018,1.5,-1.4,3.6,2.9,0,216,3.8,18.5,1020.4,
20/12/2018,4.9,2.8,6.8,0,0,224,10.3,38.9,1020.4,
21/12/2018,6.3,3,9.8,17.4,0,226,21.1,70.4,1019.9,
22/12/2018,9.7,7.6,11,7.1,0,238,28.2,75.9,1021.6,
23/12/2018,8.6,7.4,10,29.6,0,235,20.2,74.1,1025.5,
24/12/2018,5.8,0,10,5.8,0,317,14.8,70.4,1027.5,
25/12/2018,-0.1,-1.4,0.9,0,0,54,4.8,14.8,1036.2,
26/12/2018,-0.9,-1.9,1,0,0,56,3.2,11.1,1034.7,
27/12/2018,-1.2,-2.4,1.4,0,0,118,2.8,9.3,1030.5,
28/12/2018,0.6,-1.7,4.7,0,0,219,2.7,9.3,1030.7,
29/12/2018,0.1,-0.6,0.9,0,0,256,3.4,16.7,1035.3,
30/12/2018,2.2,0.2,3.6,1.2,0,232,5.7,18.5,1036.5,
31/12/2018,3.8,2.6,4.8,0.7,0,170,2.8,9.3,1035.7,
01/01/2019,3.6,3,4.5,0.7,0,246,6.5,31.5,1033.3,
02/01/2019,1.3,-2.7,4.1,3,0,279,8.3,33.3,1034.9,
03/01/2019,-2.2,-4.9,-0.3,0,10,42,4.6,18.5,1038.8,
04/01/2019,-0.8,-3.7,1.6,0,10,30,4.6,16.7,1037.7,
05/01/2019,0,-1.3,1.4,6.6,10,232,8.9,27.8,1034.8,
06/01/2019,1.1,0.6,1.6,5.7,40,239,8.5,22.2,1034.1,
07/01/2019,1.3,0.6,2.1,0.6,20,289,3.9,16.7,1034.3,
08/01/2019,1.7,0,2.9,3.6,10,235,18.6,51.8,1025,
09/01/2019,0.2,-2.5,1.9,2.5,10,268,11.7,42.6,1018.3,
10/01/2019,-1.8,-3,-0.9,5.1,20,337,4.1,14.8,1023.6,
11/01/2019,-2.1,-4,-0.6,1.6,100,197,5.6,18.5,1027.9,
12/01/2019,0.7,-1.5,3.2,5.2,110,227,11.2,48.2,1026.7,
13/01/2019,3.2,0.9,5.7,16.5,,235,28,81.5,1016.4,
14/01/2019,3.3,0.1,5.2,3.6,,253,17.2,74.1,1015.3,
15/01/2019,1.4,-1.1,4.4,0,10,232,4.9,18.5,1024.5,
16/01/2019,1.6,-1.9,5.9,0,0,207,4.4,22.2,1017.8,
17/01/2019,4.5,2,6.9,0.8,0,235,18.1,53.7,1012.4,
18/01/2019,-0.4,-3.1,1.6,0,,4,7.5,38.9,1019.7,
19/01/2019,-2.8,-4.9,0.7,0,0,65,4.6,16.7,1017.1,
20/01/2019,-1.6,-4.3,1.7,0,0,55,3.5,13,1015.9,
21/01/2019,-0.8,-2.5,1.9,0,0,37,4.2,14.8,1020.2,
22/01/2019,-1.9,-3.3,-1.2,0,0,60,3,11.1,1013.1,
23/01/2019,-3.2,-5.7,-0.9,0,0,73,4.2,16.7,999.5,
24/01/2019,-2.7,-3.6,-1.8,0.1,0,318,4.6,14.8,1008.6,
25/01/2019,-2.6,-5.1,0.6,0.8,0,229,4.1,13,1018.4,
26/01/2019,0.4,-2.5,3,0.1,50,218,8.9,29.6,1016.6,
27/01/2019,2.9,0.1,6.1,3.4,0,223,13.5,55.5,999.4,
28/01/2019,0.4,-0.4,1.6,1.5,10,237,23.9,61.1,1002.4,
29/01/2019,-0.1,-2.7,2.6,0,0,213,7.5,37,1008,
30/01/2019,0.1,-2.5,3.7,0.2,0,231,13.7,63,999.3,
31/01/2019,-1.1,-3.6,1.5,0.1,10,149,5.1,16.7,999.1,
01/02/2019,2.2,0.1,4.8,3.5,0,358,4.7,16.7,992.5,
02/02/2019,1.6,0.6,3.1,6.7,0,279,4.4,13,997,
03/02/2019,0.2,-1.1,2.2,11.7,30,316,4.5,14.8,1015.2,
04/02/2019,-1.8,-4.2,0.3,0,60,51,5.1,16.7,1029.4,
05/02/2019,-2.8,-4.2,-1.7,0,50,78,2.9,13,1030.4,
06/02/2019,-3.3,-4.6,-1.9,0,30,99,2.8,9.3,1029,
07/02/2019,-0.4,-4.4,2.9,7.3,30,223,7.9,29.6,1021.5,
08/02/2019,2.4,-1.4,6.6,0,10,208,5,24.1,1020.5,
09/02/2019,6.2,2.2,9.6,0,0,232,16,53.7,1017.2,
10/02/2019,5.8,0.9,10.8,6.8,0,220,16.1,88.9,1009.5,
11/02/2019,1.9,0.2,4.8,0.7,0,242,17.7,72.2,1022.2,
12/02/2019,1.8,-1.3,5,0,0,251,4.8,18.5,1035.5,
13/02/2019,1.5,-2.7,7.2,0,0,50,5.1,16.7,1038,
14/02/2019,3.5,-1.1,10.4,0,0,70,3.1,13,1037.2,
15/02/2019,3.9,-1,10.9,0,0,66,3.8,18.5,1034.8,
16/02/2019,5.7,-0.6,13.5,0,0,150,2.3,13,1031.8,
17/02/2019,6.4,1.3,13.6,0,0,162,2.3,14.8,1027.7,
18/02/2019,6.2,1,13,0,0,213,2.9,13,1023.8,
19/02/2019,7.2,2.3,12,0,0,232,4.1,18.5,1023.4,
20/02/2019,6.2,1.8,12.2,0,0,178,2.7,13,1025.2,
21/02/2019,7.5,1.8,14.3,0,0,206,2.9,14.8,1029.5,
22/02/2019,8.1,4.2,11.6,0,0,31,5.1,27.8,1033.8,
23/02/2019,4.8,0.4,9.5,0,0,51,12.3,40.8,1035,
24/02/2019,3.3,-1.6,10,0,0,52,6.8,31.5,1037,
25/02/2019,5.8,-0.6,13.8,0,0,53,6.3,22.2,1036.2,
26/02/2019,6.8,1.1,14.7,0,0,65,4.8,16.7,1034.5,
27/02/2019,8.5,1.6,17.1,0,0,77,4.1,14.8,1028.9,
28/02/2019,10.6,4.6,18,0.1,0,247,9.8,44.5,1022.2,
01/03/2019,6.9,5.3,9.2,8.4,0,238,18.8,55.5,1020.1,
02/03/2019,7.1,5.1,9.7,0,0,231,8.2,27.8,1020.5,
03/03/2019,9.4,4.7,14.3,0,0,227,10.2,38.9,1017.2,
04/03/2019,8,3.6,13.1,1.5,0,228,22.4,98.2,1008.2,
05/03/2019,7.1,3.3,11.1,0,0,239,21.5,64.8,1014.1,
06/03/2019,7.8,2.4,13.3,0.2,0,122,5.8,24.1,1008.6,
07/03/2019,8.9,5.5,13.3,2.3,0,231,16.2,59.3,1006,
08/03/2019,6.4,5,8.5,2.6,0,233,14.2,46.3,1018.4,
09/03/2019,8.5,6.1,10.8,4.9,0,235,21.2,68.5,1022.4,
10/03/2019,9.7,5.6,13.9,3.3,0,240,29.8,100,1018.2,
11/03/2019,2.9,-0.4,5.8,2.9,0,248,22.1,63,1025.2,
12/03/2019,4.6,-0.1,9.1,0.2,,220,8.3,35.2,1023.4,
13/03/2019,4.3,2,9.1,3.4,0,241,23.5,64.8,1016.1,
14/03/2019,3.7,2.9,4.8,13.6,0,238,29.3,90.8,1016.1,
15/03/2019,7.8,4.5,10.2,19.8,0,239,29.2,77.8,1015.5,
16/03/2019,12.4,7.5,16.9,0,,244,20.2,70.4,1016.9,
17/03/2019,8.1,2.5,15.4,2.2,0,240,14.5,61.1,1011.1,
18/03/2019,3.3,0.5,7.8,2,0,229,10.7,38.9,1021.6,
19/03/2019,2.9,-0.7,8.3,0,0,69,5.5,22.2,1027.5,
20/03/2019,4.2,-1.2,10.1,0,0,54,9.5,33.3,1032.8,
21/03/2019,5.8,-0.5,12.5,0,0,52,7.1,24.1,1032.6,
22/03/2019,8.5,1.5,16.6,0,0,,3.7,16.7,1030,
23/03/2019,10.7,4.1,18.4,0,0,,3.7,16.7,1027.4,
24/03/2019,10.6,3.9,18,0,0,,5.5,25.9,1024.3,
25/03/2019,6.9,2.2,10.8,0.8,0,293,7,37,1024.4,
26/03/2019,4,1.5,8.2,0,0,32,5.8,24.1,1029.8,
27/03/2019,5.1,-0.2,11.9,0,0,52,10.8,38.9,1031,
28/03/2019,7.3,-0.1,14,0,0,51,10.7,37,1031.8,
29/03/2019,9.1,3,16.2,0,,48,6.2,22.2,1029,
30/03/2019,10.6,4.1,17.6,0,0,,3.5,16.7,1024.5,
31/03/2019,11.6,4.9,18.7,0,0,,,,,
01/04/2019,11.1,5.4,17,0,0,49,7.9,24.1,1016.5,
02/04/2019,12.3,6.4,19.2,1,0,184,5.5,25.9,1010.9,
03/04/2019,8.3,3.2,15.2,4.5,0,257,9.3,40.8,1005,
04/04/2019,1.3,0,3.4,15.8,0,253,7.3,24.1,1003.2,
05/04/2019,3.7,0.8,8,0,10,68,5,20.4,1005.2,
06/04/2019,6.7,0.3,13.5,0,0,54,5.3,22.2,1002.8,
07/04/2019,8.7,5.6,12.9,0,0,253,6.9,25.9,1005.9,
08/04/2019,9.6,7.1,12.4,1.3,0,242,5.8,22.2,1011.2,
09/04/2019,8.8,5.6,12.9,2.1,0,47,3.6,14.8,1010.2,
10/04/2019,8.2,5.8,11.4,0.3,0,2,4.1,13,1010.4,
11/04/2019,7.6,5.3,10.2,0,0,39,8.6,27.8,1014.8,
12/04/2019,5.9,1.8,9.6,0,0,44,8.2,24.1,1017.8,
13/04/2019,4.8,0.5,9.4,6.2,0,349,7.2,24.1,1019.5,
14/04/2019,1.5,0,2.7,5.3,0,13,4.8,18.5,1020.9,
15/04/2019,6.8,1,14,0,0,50,8,25.9,1020.2,
16/04/2019,9.6,3.9,15.8,0.8,0,246,6,24.1,1018.4,
17/04/2019,11.9,8,17.4,0.2,0,78,5.3,22.2,1020.9,
18/04/2019,13.5,6.2,20.9,0,0,52,8,25.9,1020.6,
19/04/2019,15.1,8.3,22.2,0,0,60,5.1,20.4,1024.2,
20/04/2019,15.6,7.8,22.4,0,0,57,6.5,31.5,1024.6,
21/04/2019,15.1,8.5,22.2,0,0,51,7.8,25.9,1017.8,
22/04/2019,15.4,8.1,21.5,0,0,60,8.4,31.5,1006.6,
23/04/2019,17,11.6,22.6,0,0,86,7,22.2,998,
24/04/2019,15,7.1,24.1,0,0,177,7.5,44.5,1002.6,
25/04/2019,13.2,5.6,20.7,4.6,0,103,9,37,1008.3,
26/04/2019,6.3,4.9,8.1,6.7,0,227,9.8,35.2,1016.9,
27/04/2019,7.7,4.7,13.3,4.2,0,225,12,50,1020.4,
28/04/2019,5.2,2.5,9.5,2.6,0,229,9.5,37,1023,
29/04/2019,6.3,3.7,10.6,0.3,0,334,3.8,14.8,1023.1,
30/04/2019,8.2,5.8,11.4,0,0,179,4.2,14.8,1020.6,
01/05/2019,10.2,3.9,17.5,0,0,45,5.7,22.2,1015.9,
02/05/2019,10.7,6.1,17.2,9.2,0,,7.2,37,1012.1,
03/05/2019,8.6,6.6,11.4,0,0,260,7.7,25.9,1012.6,
04/05/2019,5.7,0.7,10.2,12.7,0,273,7.6,37,1010.8,
05/05/2019,3,0.1,7.4,0.2,0,8,5,24.1,1017.3,
06/05/2019,4.9,-0.3,9.5,0,0,342,3.4,13,1021.4,
07/05/2019,8.1,0.8,14.6,1,0,65,4.2,16.7,1018.5,
08/05/2019,8.6,6.3,10.5,23.7,0,169,5.3,27.8,1008.7,
09/05/2019,10.1,4.7,15.3,6,,232,16.8,64.8,1005.4,
10/05/2019,11,7.5,15.9,1.7,0,224,8.4,40.8,1011.9,
11/05/2019,10.5,7.1,13.9,1.5,0,227,17.4,66.7,1013.9,
12/05/2019,8.5,5.3,13.3,0,0,358,8.3,35.2,1027.9,
13/05/2019,8.2,3.9,12.4,0,0,55,12.8,53.7,1030.8,
14/05/2019,8.2,4.1,13.6,0,0,53,12.7,50,1026.8,
15/05/2019,7.5,3.9,12.1,0,0,55,12,42.6,1021.6,
16/05/2019,8.4,3.1,13.4,0,0,43,8.3,24.1,1014.9,
17/05/2019,11.4,4.4,19.7,9,0,31,6.5,18.5,1006.6,
18/05/2019,12.6,8.4,17.9,5.5,0,326,4.5,16.7,1005.3,
19/05/2019,12.7,10.1,16.9,12.7,0,251,4.8,18.5,1005.3,
20/05/2019,10.6,9.9,11.4,38.6,0,240,10.6,35.2,1007.4,
21/05/2019,10.7,9.5,12.1,8.4,0,242,14.8,40.8,1013.8,
22/05/2019,13.7,9.8,18.4,0,0,261,5.2,18.5,1018.5,
23/05/2019,13.9,7.7,20.6,0,0,43,6.6,24.1,1018,
24/05/2019,15.7,8.6,21.9,0,0,31,5.3,18.5,1014.5,
25/05/2019,13.7,11.8,19.3,3.5,0,336,3.8,18.5,1015.1,
26/05/2019,15.1,10.4,20.2,0,,298,4.4,14.8,1016.2,
27/05/2019,15.9,12,19.3,0,0,249,4.7,18.5,1011.2,
28/05/2019,11.3,8.4,14.5,6.7,0,245,8.6,25.9,1010.3,
29/05/2019,10,7.7,15.2,3,0,242,5.4,18.5,1019.5,
30/05/2019,13,7.3,19.5,0,0,92,3.4,14.8,1025.5,
31/05/2019,16.5,10.8,22.7,0,0,58,4.6,22.2,1025.1,
01/06/2019,18.9,11,26,0,0,52,5.4,22.2,1021.6,
02/06/2019,20.8,13,27.9,0,0,159,4.3,18.5,1017.1,
03/06/2019,21.1,15.6,28.8,0,0,204,5,25.9,1015,
04/06/2019,22.5,15,29.7,0,0,84,5.1,20.4,1010.8,
05/06/2019,23.3,16.9,29.3,0,0,107,5.6,29.6,1005.9,
06/06/2019,12.8,10.3,16.1,0,,272,9,38.9,1013.1,
07/06/2019,15.4,8.8,26.4,0,0,29,8.8,42.6,1012.5,
08/06/2019,16.7,12.4,21.9,0,0,256,8.6,31.5,1022.7,
09/06/2019,13.5,9.9,15.4,2.3,0,26,5.6,16.7,1021.1,
10/06/2019,13.9,11.9,17,48,0,282,5.3,18.5,1014.6,
11/06/2019,12.9,9.2,15.5,3.5,0,297,6.1,16.7,1011.1,
12/06/2019,14.6,10.6,20.1,3.9,0,247,8.6,31.5,1011.6,
13/06/2019,17.4,12.1,22.9,0,0,243,4.7,18.5,1014.7,
14/06/2019,20.1,12.8,25.5,0,0,35,5.8,25.9,1013.9,
15/06/2019,18.4,12.6,24.1,26.2,0,257,8.8,33.3,1014.5,
16/06/2019,15.7,12.6,20.4,0.2,0,282,6.3,18.5,1020.7,
17/06/2019,18.3,11.8,24.8,0,0,48,7.9,24.1,1018.1,
18/06/2019,20.7,14.7,27.4,0,0,161,4.9,18.5,1014.5,
19/06/2019,22.2,14.9,28.6,0.1,0,206,5.3,24.1,1011,
20/06/2019,17.4,14.3,22.2,12.2,0,232,6.1,25.9,1014.1,
21/06/2019,17.9,13.6,22.5,2.7,0,60,4.7,20.4,1016.9,
22/06/2019,16.6,15.1,18.8,10.7,0,334,5.7,20.4,1016.5,
23/06/2019,19.5,15,25.2,0,,60,5.9,22.2,1016.3,
24/06/2019,22.4,15.5,29.4,0,0,49,7,20.4,1017,
25/06/2019,25.1,17.5,32.5,0,0,43,5.3,14.8,1017.8,
26/06/2019,26.9,20.3,34.3,0,0,58,4,16.7,1020.5,
27/06/2019,27.6,21.1,34,0,0,45,4.2,20.4,1019.8,
28/06/2019,24.6,19.3,30,0,0,44,9.3,24.1,1019.2,
29/06/2019,24.2,17.6,31.3,0,0,48,8.7,25.9,1016.7,
30/06/2019,26.8,19.5,34,0,0,261,7,29.6,1015.3,
01/07/2019,26.6,17.7,31.1,20.8,0,239,6.2,25.9,1016.1,
02/07/2019,21.2,17.6,26.5,0.9,0,33,5.6,20.4,1017.8,
03/07/2019,20.5,16.8,25.5,0,0,47,8.7,24.1,1017.8,
04/07/2019,20.9,14.9,26.5,0,0,43,8,22.2,1018.7,
05/07/2019,22.8,16.8,29.5,0,0,310,5.2,24.1,1016.4,
06/07/2019,20.8,17,25,8.1,0,207,6.6,31.5,1012.6,
07/07/2019,20.6,15.4,26.5,0,0,229,9.6,35.2,1013.5,
08/07/2019,18.4,15.5,22.4,0,0,10,4.7,18.5,1015.5,
09/07/2019,17.2,13.7,22.1,0,0,38,8.6,24.1,1016,
10/07/2019,16.4,10.1,22,0,0,42,8.8,31.5,1017.6,
11/07/2019,16.7,13.6,20.1,0.8,0,44,4.4,14.8,1015.6,
12/07/2019,18.2,14,22.7,5.1,0,207,7.2,29.6,1014.1,
13/07/2019,17.3,13.3,22.2,0,0,274,7.2,25.9,1016.3,
14/07/2019,17.1,11.9,23.3,22,0,41,7.1,27.8,1014.9,
15/07/2019,16.8,12.7,22.7,0,0,34,8,24.1,1014.3,
16/07/2019,19.1,12.1,25.7,0,0,9,5.1,16.7,1015.8,
17/07/2019,20.3,13.9,26.8,0,0,314,4.6,22.2,1013.2,
18/07/2019,21.2,15,27,0,0,271,5.1,22.2,1012.2,
19/07/2019,22.2,18.1,27.2,0,0,236,5.7,22.2,1014.4,
20/07/2019,23.5,16.6,30.6,3.9,0,206,6.2,27.8,1014.1,
21/07/2019,21.8,17.6,26.7,7.3,0,242,7.1,24.1,1020.3,
22/07/2019,23.3,17.9,29.5,0,0,35,4,14.8,1021.9,
23/07/2019,24.6,17.8,31.2,0,0,52,6.6,18.5,1019,
24/07/2019,26.8,19.6,34.2,0,0,57,4.4,14.8,1015.1,
25/07/2019,26.9,20.6,34.7,0,0,66,5.2,20.4,1013.2,
26/07/2019,26.6,20,32.6,0.4,0,208,5.1,31.5,1009.7,
27/07/2019,20.7,16.6,26.5,2.7,0,226,6.8,29.6,1004.8,
28/07/2019,16.1,14.5,17.4,20,0,276,9,37,1004,
29/07/2019,18.3,14.4,23.6,0,0,29,5.5,18.5,1011,
30/07/2019,21,15,27.2,4.5,0,251,5,22.2,1012.9,
31/07/2019,17.8,14.5,22.1,0,0,265,5.4,22.2,1017.4,
01/08/2019,19.6,14.5,24.9,0,0,33,4.7,16.7,1016.6,
02/08/2019,18.1,15.7,21.7,1.1,0,306,5.8,20.4,1015.1,
03/08/2019,19.8,14.9,25,0,0,243,6.2,25.9,1015.5,
04/08/2019,20.3,13.5,27.3,0,0,50,4.6,14.8,1015.1,
05/08/2019,23.3,18.4,30.1,7.2,0,200,6.2,27.8,1013.2,
06/08/2019,19.4,17.3,24.1,11.8,0,212,6.5,24.1,1012.8,
07/08/2019,18.2,16.8,19.6,6.9,0,217,7.2,24.1,1011.8,
08/08/2019,20.1,16.3,26.1,0,0,232,4.1,14.8,1013.1,
09/08/2019,23.8,16.3,31.5,16.5,0,163,4.4,18.5,1011.2,
10/08/2019,18.8,15.6,21.9,4.5,0,244,6.8,27.8,1016.5,
11/08/2019,19.3,14.7,26.9,7.1,0,26,6,38.9,1016.2,
12/08/2019,15.2,13.2,18.2,6.8,0,306,5.6,18.5,1017.6,
13/08/2019,15.4,12.3,19.1,0,0,262,5.9,22.2,1020,
14/08/2019,15.8,10.6,21.3,0,0,25,3.7,13,1018.9,
15/08/2019,16.6,13,21.8,1.5,0,220,8.3,33.3,1016.5,
16/08/2019,17.9,13.1,23,0,0,244,4.7,18.5,1018.5,
17/08/2019,19.3,15.1,23,0,0,192,5.8,22.2,1014,
18/08/2019,22.9,16.6,30.8,20.2,0,228,6,29.6,1010.5,
19/08/2019,17.8,15.3,22.5,25.1,0,240,5.8,18.5,1017,
20/08/2019,14.4,11.9,15.9,13.1,0,0,4.5,14.8,1022.9,
21/08/2019,14.8,10.6,19.5,0,0,50,8.9,31.5,1026,
22/08/2019,14.5,11.8,18.3,0,0,45,7.2,24.1,1023.2,
23/08/2019,15.8,12.7,20.8,0,0,50,7.3,22.2,1023.1,
24/08/2019,17.9,13.2,24.1,0,0,22,4.7,13,1019.6,
25/08/2019,20.1,14.2,27.5,0,0,,3.9,14.8,1018.3,
26/08/2019,20.5,14.3,27.5,0,0,71,3.9,14.8,1017.8,
27/08/2019,21.7,15.2,28.5,0,0,153,4,16.7,1016.5,
28/08/2019,22.8,19.6,27.4,0,0,200,4.2,16.7,1016.4,
29/08/2019,20.6,17.4,24,0,0,205,4.8,16.7,1018.7,
30/08/2019,21.2,16,27.7,0,0,53,4.7,16.7,1020.5,
31/08/2019,21.3,16.5,28.7,0,0,159,4.9,18.5,1015.8,
01/09/2019,19.1,15.6,23.7,14.4,0,244,5.5,18.5,1014.5,
02/09/2019,14.4,11.2,15.6,0.3,0,26,5.7,20.4,1021.2,
03/09/2019,14.8,10.1,20.9,0,0,44,5.5,16.7,1024,
04/09/2019,17.2,11.3,24,0,0,266,4.5,20.4,1018.8,
05/09/2019,13.8,11.4,16.2,2.2,0,287,4.8,22.2,1019.6,
06/09/2019,12.1,10.4,14.5,0.1,0,44,6.1,22.2,1022.4,
07/09/2019,13.8,10.8,18.1,18.3,0,211,4.5,14.8,1020.2,
08/09/2019,10.1,9.1,11.5,23.2,0,240,5.9,22.2,1018.1,
09/09/2019,11.7,9,16,0,0,240,8.1,24.1,1017,
10/09/2019,13.8,9.6,19.9,0,0,50,6.3,22.2,1015.8,
11/09/2019,14.7,9.3,21,0,0,330,4.8,16.7,1023,
12/09/2019,17,12,23.2,0,0,97,3,13,1029.9,
13/09/2019,17.9,11.8,24.7,0,0,63,3.6,16.7,1031,
14/09/2019,17.9,13,23.7,0,0,48,6.3,16.7,1028.9,
15/09/2019,19.2,14.3,26.1,0,0,145,4.1,16.7,1024.4,
16/09/2019,20.1,15,27.2,0,0,210,4.2,20.4,1019.8,
17/09/2019,18.7,14.7,25,0,0,328,4.3,18.5,1018.5,
18/09/2019,13.6,9.6,17.8,0,0,45,11.6,35.2,1021.5,
19/09/2019,11.7,7.1,17.2,0,0,47,11.5,37,1024.8,
20/09/2019,11.5,5.7,17.8,0,0,49,9.4,29.6,1025.8,
21/09/2019,13.6,6.6,21.5,0,0,48,5.8,18.5,1020,
22/09/2019,17.3,12.4,23.4,4.6,0,27,4.6,13,1012.1,
23/09/2019,13.1,10.5,16,10.7,0,230,7.8,38.9,1016.4,
24/09/2019,12.4,9.5,14.9,2.2,0,150,3.7,13,1014.5,
25/09/2019,14.7,12.7,19.1,5.1,0,233,11.4,37,1011.9,
26/09/2019,14.3,12.1,16.8,0.7,0,214,7.4,24.1,1014.7,
27/09/2019,16.6,12.9,22.4,8.6,0,228,7.3,33.3,1015.4,
28/09/2019,14.6,12,18.6,0,0,245,9.3,35.2,1018.6,
29/09/2019,16.7,10.2,22.2,0,0,206,10,53.7,1013.1,
30/09/2019,15.2,10.6,19.6,0,0,266,16.6,70.4,1014.2,
01/10/2019,15.5,10.5,23,5.2,0,209,6.9,29.6,1010,
02/10/2019,12,5.9,15.9,6.3,0,256,13.7,38.9,1010,
03/10/2019,8.3,5.1,12.9,0,0,355,3.8,13,1019.9,
04/10/2019,9.4,6.4,11.9,6.3,0,215,11.3,44.5,1013.8,
05/10/2019,11.2,8.5,14,4.8,0,250,13,42.6,1014.6,
06/10/2019,10.9,8.5,13.8,12.7,0,227,6.4,35.2,1015.7,
07/10/2019,9.9,7.3,13.6,0,0,246,7.5,38.9,1018.3,
08/10/2019,12.8,8.7,17.1,16.5,0,221,8,27.8,1016.7,
09/10/2019,10.9,9.4,13.9,25.1,0,241,13.5,51.8,1014.9,
10/10/2019,11.4,8,15.5,0.2,0,240,17.5,53.7,1019.6,
11/10/2019,11.3,7.2,17.5,0,0,193,4.3,16.7,1021.1,
12/10/2019,14.8,9.1,20.8,0,0,204,3.8,16.7,1018.3,
13/10/2019,15.8,11.9,21.8,0,0,143,3.2,13,1017,
14/10/2019,15.1,10.8,21.7,0,0,80,3.3,11.1,1015.4,
15/10/2019,11.8,8.9,16.4,14.4,0,313,9.3,44.5,1010.4,
16/10/2019,10.9,7.8,15.7,0,0,212,6.9,31.5,1016.8,
17/10/2019,13,8.3,18,0.7,0,205,3.3,14.8,1015.9,
18/10/2019,12.8,11,16.2,8.7,0,209,4.7,20.4,1014.2,
19/10/2019,11.9,10,15,3.3,0,74,4.4,14.8,1010.9,
20/10/2019,11.2,8.9,15.3,0,0,40,5.4,16.7,1008.7,
21/10/2019,13,11.1,15.1,1.3,0,296,3.8,14.8,1017.4,
22/10/2019,12.4,11.1,13.9,0,0,40,5.5,18.5,1022.2,
23/10/2019,12.8,10.6,16.3,0,0,51,6.8,20.4,1015.6,
24/10/2019,13.2,11.2,16.1,0.6,0,284,4.5,18.5,1012,
25/10/2019,12.6,9.1,17.1,0,0,230,2.8,11.1,1022.1,
26/10/2019,12.1,8,18.5,0,0,159,2.9,11.1,1022.5,
27/10/2019,14.2,9.7,19.2,0.7,0,229,4,16.7,1021.2,
28/10/2019,10.6,7.1,12.9,7.9,0,49,6.2,20.4,1019.7,
29/10/2019,6.9,5.9,7.8,6.5,0,40,7.4,22.2,1020.6,
30/10/2019,6.1,5.7,6.7,10.4,0,47,8,22.2,1023.5,
31/10/2019,6.3,5.1,7.4,0,0,47,6.2,16.7,1020.8,
01/11/2019,9.5,6.5,12,3.8,0,184,4.5,14.8,1013.6,
02/11/2019,12.5,10.2,15.9,3.8,0,228,6.7,27.8,1000.9,
03/11/2019,9.5,8.1,11.1,3.6,0,213,8.6,53.7,992,
04/11/2019,10.1,7.5,13.3,1.8,0,232,14.2,53.7,996.4,
05/11/2019,8.1,5.8,11.2,4.2,0,206,6.2,35.2,999.6,
06/11/2019,7,5.9,8.4,0,0,220,6.7,25.9,1005.5,
07/11/2019,5.2,2.4,8.2,8.6,0,186,4.8,20.4,1005.6,
08/11/2019,3.4,2,4.3,10.6,0,339,5,16.7,1007,
09/11/2019,4.1,0.9,7.7,0,0,224,4.1,13,1011.4,
10/11/2019,1.7,-1,5,0,0,52,4.2,13,1012.6,
11/11/2019,3.4,1.3,6.4,0.3,0,244,4.4,16.7,1014.2,
12/11/2019,4.9,1.6,8,0,0,223,6.8,22.2,1009,
13/11/2019,3.2,0.7,6.1,0,0,229,4.8,18.5,1006.7,
14/11/2019,2.6,-0.8,5.2,0,0,58,6.9,24.1,1002.5,
15/11/2019,3.3,0.9,6.3,0.4,0,348,6,24.1,1001,
16/11/2019,3,0.4,7.1,0.1,0,19,4.1,14.8,1009.2,
17/11/2019,2.7,1.9,3.7,4,0,348,5.9,22.2,1008.4,
18/11/2019,3.9,1.3,7.3,0,0,238,10.3,40.8,1011.7,
19/11/2019,2.8,0.2,5.4,0,0,10,3.6,11.1,1018,
20/11/2019,3.9,3.1,4.9,0,0,50,5.2,16.7,1016.1,
21/11/2019,3.6,2.7,4.1,0,0,56,4.2,14.8,1010.9,
22/11/2019,3.8,2.3,6.5,0,0,59,6.7,27.8,1007.9,
23/11/2019,7.7,1.9,15,0,0,57,10.3,33.3,997.7,
24/11/2019,7,5.2,9.2,0,0,326,3.4,16.7,1006,
25/11/2019,6.1,5.3,6.8,0.1,0,165,2.9,9.3,1011.3,
26/11/2019,7,4.4,10.5,0.2,0,193,3.5,11.1,1009.7,
27/11/2019,8.1,4.4,11.5,6.4,0,217,9.6,42.6,1001.7,
28/11/2019,7.9,6.5,10,5.3,0,232,20.1,59.3,1004,
29/11/2019,6.3,3,8.2,9.8,0,238,16.8,53.7,1012.5,
30/11/2019,2.7,0.7,5.6,0,0,37,6.3,24.1,1022,
01/12/2019,1.7,0.3,3.1,2.4,0,52,6.6,24.1,1018.1,
02/12/2019,1.5,-1.5,3.2,0,0,26,6.7,25.9,1024.1,
03/12/2019,-0.7,-2.8,2.8,0,0,49,8.7,27.8,1028.2,
04/12/2019,-1.1,-3.4,0.3,0,0,54,4.9,20.4,1024.2,
05/12/2019,-0.1,-0.9,2.2,0,0,228,2.4,11.1,1024.7,
06/12/2019,2.4,-1,8.8,0.4,0,223,6.8,27.8,1022,
07/12/2019,8,5,10.3,0.5,0,234,12.8,38.9,1019.9,
08/12/2019,7.8,5.2,10.1,0.9,0,221,12.3,51.8,1016.5,
09/12/2019,5.8,3.3,9.3,5.5,0,237,24.5,64.8,1010.6,
10/12/2019,2.2,-1.2,5,0,0,216,7.7,46.3,1026.6,
11/12/2019,1.1,-1.5,3.5,4.6,0,193,5.9,27.8,1017.1,
12/12/2019,1.7,-1.4,4.5,1.1,0,215,9.3,38.9,1007.3,
13/12/2019,2.4,-0.3,4.8,2.8,10,207,17.3,68.5,990.7,
14/12/2019,6.7,3.4,9.1,0.1,0,233,25.9,85.2,1001.7,
15/12/2019,9.2,5.6,12.9,0,0,226,11.9,40.8,1008.3,
16/12/2019,5.8,4.1,8.7,0,0,72,4.8,18.5,1011.2,
17/12/2019,8,4.8,11.4,0,0,29,4.9,16.7,1009.4,
18/12/2019,8.2,5.2,11.9,0,0,51,4.3,16.7,1018,
19/12/2019,6.3,3.7,10.2,0,0,56,5.1,14.8,1015.6,
20/12/2019,7.4,2.7,13.4,9.7,0,42,9.4,55.5,997.9,
21/12/2019,5,2.6,7.4,2.8,0,151,4.7,20.4,996,
22/12/2019,5.1,3.6,6.9,6.5,0,214,15.7,75.9,993.3,
23/12/2019,4.7,3.8,5.4,3.7,0,238,20.1,50,1013,
24/12/2019,5.5,3.2,8.5,7.4,0,226,15.9,57.4,1019.6,
25/12/2019,5.8,3.5,7.4,2,0,252,18.4,61.1,1022.9,
26/12/2019,2.7,0.8,4.9,5.3,0,104,5.7,25.9,1026.6,
27/12/2019,4.9,3.8,5.6,6.5,0,225,7.9,37,1027.7,
28/12/2019,1.9,-0.8,5.1,0,0,50,9.7,31.5,1037.4,
29/12/2019,-0.9,-2.7,0.9,0,0,54,7.3,22.2,1039,
30/12/2019,-1.2,-2.8,0.6,0,0,110,3.8,14.8,1036.1,
31/12/2019,-0.3,-2.5,1.6,0,0,158,3.1,13,1034.3,
01/01/2020,-1.8,-2.9,-0.9,0,0,63,4.2,14.8,1034.6,
02/01/2020,-1.3,-2.1,-0.3,0,0,196,2.8,11.1,1032.2,
03/01/2020,2.8,-0.9,6.2,0.9,0,226,7.6,27.8,1028.6,
04/01/2020,5,2.1,6.9,0.5,0,246,7.9,25.9,1033.1,
05/01/2020,1.7,-1,5.8,0,0,47,5.5,20.4,1036.3,
06/01/2020,0.1,-2.1,4.2,0,0,162,3.5,14.8,1031.8,
07/01/2020,3,-0.8,5.5,0,0,206,4.8,16.7,1031.3,
08/01/2020,2.9,-1.1,7.5,0,0,192,3.1,13,1032.2,
09/01/2020,6.2,1.8,10.6,0,0,199,4,14.8,1024.6,
10/01/2020,7.7,5,10.3,0,0,235,11.3,37,1024.1,
11/01/2020,3.7,0.1,6.7,0,0,25,4.4,16.7,1033.2,
12/01/2020,1.7,-0.7,5.8,0,0,212,3.5,13,1031,
13/01/2020,1.6,-0.9,4.9,0,0,185,2.4,11.1,1025,
14/01/2020,4.2,-0.5,9.4,0,0,186,3.4,27.8,1020.1,
15/01/2020,6.8,1.7,11.6,0,0,190,3.4,16.7,1023.1,
16/01/2020,6.2,2.1,10.7,0,0,117,2.9,20.4,1029.1,
17/01/2020,4.5,1.2,8.3,4,0,205,5.2,31.5,1024.3,
18/01/2020,3.5,0,6,0,0,252,7.6,33.3,1028.7,
19/01/2020,0.6,-1.1,3.6,0,0,32,6.8,24.1,1035.2,
20/01/2020,-0.3,-2.4,2.7,0,0,50,11.7,37,1042.8,
21/01/2020,-1.8,-4,1.7,0,0,49,5.9,24.1,1041.8,
22/01/2020,-2.8,-4.2,-1.4,0,0,61,4,16.7,1036.7,
23/01/2020,-2.8,-3.3,-2.1,0,0,50,4.7,16.7,1032,
24/01/2020,-0.6,-3,3.7,0,0,198,2.4,9.3,1026.9,
25/01/2020,0,-2.1,4.1,0,0,102,2.2,7.4,1023.8,
26/01/2020,2.2,-1.2,6.2,0.7,0,208,3.5,13,1021.5,
27/01/2020,5.4,2.9,8,4.4,0,213,6.5,31.5,1016.3,
28/01/2020,4.2,1.3,6.1,5.6,0,234,25.2,85.2,1007.4,
29/01/2020,3.2,1.3,4.8,1.3,0,240,20.7,57.4,1014.8,
30/01/2020,4.9,1.6,8.1,5.6,0,212,8.9,37,1018.1,
31/01/2020,9.3,5.2,13.9,0,0,232,13,40.8,1017.1,
01/02/2020,9.3,4.9,12.7,9.1,0,225,15.7,87,1015.2,
02/02/2020,10.7,8.4,13.2,6.8,0,234,24.4,68.5,1018,
03/02/2020,12.6,10.5,15.5,13.7,0,238,30.3,74.1,1018.8,
04/02/2020,4.8,0.9,16,0.2,0,251,25.2,94.5,1018.2,
05/02/2020,2.2,-1.6,5.9,0,0,299,7,27.8,1033.1,
06/02/2020,0.4,-2.8,5.6,0,0,55,5.5,18.5,1033.4,
07/02/2020,1,-2.8,6.5,0,0,64,3.4,16.7,1029,
08/02/2020,3.1,-1.4,8.9,0,0,183,2.4,11.1,1026.7,
09/02/2020,7.3,1.5,11.1,0,0,210,9.8,50,1022.7,
10/02/2020,10,5.8,13.2,12.9,0,240,40.4,113,1010.9,
11/02/2020,4.5,1.1,9.4,8.5,0,244,31.6,107.4,1015.7,
12/02/2020,3.5,1,5.4,0,0,239,20.8,61.1,1022.6,
13/02/2020,3.3,0,7,13,0,204,11.5,63,1015.8,
14/02/2020,5.6,2.5,9,0.3,0,239,15.7,63,1022.5,
15/02/2020,5.3,0,10.9,0,0,160,2.8,13,1025.7,
16/02/2020,9.8,4.2,15.1,0,0,210,6,29.6,1019.8,
17/02/2020,9,3.4,12.8,7.4,0,239,16.1,48.2,1020.7,
18/02/2020,5.5,3,9.2,0,0,242,15.3,50,1029.3,
19/02/2020,4.4,3,6.9,2.5,0,234,16.7,55.5,1026.4,
20/02/2020,6.2,2.6,10.8,1.1,0,213,8.3,53.7,1024.1,
21/02/2020,5.1,2.5,9.1,0,0,241,10.3,57.4,1029.5,
22/02/2020,7,0.3,13.5,0,0,229,7.6,33.3,1030.9,
23/02/2020,12.7,8.4,16.1,0,0,242,22.5,74.1,1028,
24/02/2020,13.6,10.4,18,0,0,240,17.1,64.8,1021.8,
25/02/2020,8.1,3.8,12.7,13,0,246,20.1,63,1009.6,
26/02/2020,1.4,-0.2,5.2,5.3,0,244,23.2,64.8,1007.3,
27/02/2020,1.6,-0.6,4.8,6.7,0,223,19.7,92.6,1007.6,
28/02/2020,4.1,0.8,7.7,0.7,0,217,13,79.6,1016.6,
29/02/2020,7.9,3.6,13.9,17.8,0,194,8.4,37,1006.2,
01/03/2020,7.4,3.9,13.2,0.8,0,229,16.4,72.2,1002.3,
02/03/2020,4.6,1.5,7,4.6,0,249,11.1,74.1,995.3,
03/03/2020,3.9,1.9,8.2,0.6,0,252,13.7,53.7,1006.2,
04/03/2020,4,0.5,8.5,0.9,0,208,5.2,24.1,1014.7,
05/03/2020,4.7,2.8,7,13.9,0,167,7,29.6,1002.6,
06/03/2020,4.7,2.6,7.1,1.2,0,240,25.9,79.6,1002.1,
07/03/2020,3.4,0.4,6.7,0,0,243,8.5,33.3,1019.8,
08/03/2020,4.6,-0.3,9.9,1.8,0,201,4.5,18.5,1021.4,
09/03/2020,4.9,3,7.5,3.1,0,231,10.2,40.8,1018.2,
10/03/2020,4.5,2.3,7.6,7.4,0,222,14.8,44.5,1020.2,
11/03/2020,11.8,6.3,17.9,0,0,243,16.1,44.5,1020.6,
12/03/2020,11.6,7.9,17,0.1,0,247,15,48.2,1017.7,
13/03/2020,7.1,2.3,11.4,0,0,266,10.5,38.9,1021.9,
14/03/2020,5.1,1.2,9.1,0,0,28,4.8,13,1021.9,
15/03/2020,7.1,0.9,14.5,0,0,99,5,14.8,1018.7,
16/03/2020,10.1,4.1,17.2,0,0,258,3.4,16.7,1020.4,
17/03/2020,10.8,5.8,17.3,0,0,264,3.9,16.7,1028.8,
18/03/2020,11.4,4.9,18.1,0,0,20,3.7,16.7,1028.2,
19/03/2020,12.2,6.3,19,0,0,345,3.6,16.7,1023.7,
20/03/2020,12.2,7.4,18.3,0,0,,4.4,22.2,1020.4,
21/03/2020,6.3,2.9,10,0,0,43,8.4,37,1018.3,
22/03/2020,3.1,-1.4,8.3,0,0,52,15.2,42.6,1021.9,
23/03/2020,1.2,-3.5,7.8,0,0,52,14.8,42.6,1028.3,
24/03/2020,1.5,-3.5,7.8,0,0,51,13.8,48.2,1027.7,
25/03/2020,1.8,-2.3,7.7,0,0,48,11.4,38.9,1021.7,
26/03/2020,1.2,-3,5.5,0,0,44,9.7,31.5,1016.2,
27/03/2020,5.3,-1.3,11.8,0,0,21,5.1,16.7,1015.4,
28/03/2020,9.2,2.8,16,0,0,,3.4,16.7,1016.7,
29/03/2020,4.6,0.4,8.1,5.7,0,,,,,
30/03/2020,0.7,-1.4,2.6,0,0,50,13,44.5,1023.2,
31/03/2020,2.2,-3.3,8.6,0,0,53,12.4,42.6,1024.5,
01/04/2020,3.7,-2.6,10.8,0,0,43,7.5,25.9,1020.7,
02/04/2020,7.1,0,14.4,0,0,285,5.5,24.1,1014.1,
03/04/2020,7.9,2.2,13.3,0,0,295,4.4,18.5,1016.8,
04/04/2020,8.8,1.7,15.5,0,0,45,7.3,25.9,1021.2,
05/04/2020,10.8,3,18.4,0,0,50,7.2,20.4,1021.9,
06/04/2020,13.3,6.1,21.4,0,0,,4,20.4,1022.8,
07/04/2020,14.2,7.4,22,0,0,44,5.9,33.3,1027,
08/04/2020,14.1,7.8,21.9,0,0,,4.2,20.4,1025,
09/04/2020,14.7,8.9,21.5,0,0,,4.2,22.2,1022.8,
10/04/2020,15,8.4,22.4,0,0,44,5.5,22.2,1022.1,
11/04/2020,15.3,8.8,22.3,0,0,49,4.9,20.4,1021.6,
12/04/2020,16.1,8.8,23.7,0,0,208,4.3,27.8,1017.6,
13/04/2020,15.1,6.9,20.9,0.1,0,280,5.8,31.5,1014.4,
14/04/2020,6.8,2.8,11.7,0,0,48,12.8,38.9,1021,
15/04/2020,9.2,0.1,18.6,0.1,0,47,8.5,31.5,1022.5,
16/04/2020,14.2,6.4,22.2,0,0,,4.5,20.4,1018.8,
17/04/2020,16.7,10.3,23.6,0,0,214,3.9,20.4,1015.4,
18/04/2020,16.9,11.2,23.9,0,0,232,5,25.9,1015,
19/04/2020,16.1,9.9,21.2,0,0,63,7.7,37,1012.4,
20/04/2020,13.6,10.1,18.1,0,0,52,13.5,38.9,1009.1,
21/04/2020,12.4,8.4,18.9,0,0,48,13.1,35.2,1008.1,
22/04/2020,14.3,7.5,21.6,0,0,45,10.1,29.6,1012.5,
23/04/2020,14.3,7.3,21.6,0,0,42,6.2,24.1,1016.8,
24/04/2020,15.5,8.4,22.6,0.2,0,245,7.2,38.9,1014.3,
25/04/2020,16.8,10.5,22.6,0,0,248,4.3,20.4,1009.9,
26/04/2020,14.1,9.6,21.5,0.7,0,3,5.1,20.4,1009.1,
27/04/2020,15.9,10.1,22.5,1.4,0,233,5.5,25.9,1009.5,
28/04/2020,11.8,8,14,17.2,0,236,7.3,27.8,1008.3,
29/04/2020,10.4,7.3,16.3,1,0,231,11.5,37,1011.1,
30/04/2020,9.6,8.7,10.8,5.8,0,213,8.2,33.3,1009.8,
01/05/2020,9.3,7.8,11.1,21.2,0,232,13.7,38.9,1008.6,
02/05/2020,9.3,6.2,14.3,12.3,0,243,14.9,44.5,1012.6,
03/05/2020,10.8,4,17.2,0.1,0,244,5.4,20.4,1018.1,
04/05/2020,15.3,9.6,21.2,0.1,0,228,6,29.6,1016.5,
05/05/2020,10.8,8.1,12.9,16.4,0,47,7.3,20.4,1016.5,
06/05/2020,10.6,6.5,15.8,0,0,45,9,27.8,1020.8,
07/05/2020,13,4.8,21.3,0,0,45,7.6,22.2,1022.4,
08/05/2020,17.6,10.3,25.1,0,0,155,4.1,20.4,1017.3,
09/05/2020,19.5,14.9,24.9,3.4,0,196,4.8,20.4,1011.6,
10/05/2020,18.2,13.7,24.1,0.1,0,143,5,18.5,1006,
11/05/2020,11.1,1.5,16.5,12.4,0,335,9.1,33.3,1001.6,
12/05/2020,6.4,2,12.3,0.1,0,45,10.9,40.8,1015.5,
13/05/2020,8.7,6.7,11.3,6.6,0,37,7.7,20.4,1010.4,
14/05/2020,8.3,6.7,9.6,0.8,0,42,11,33.3,1012,
15/05/2020,9.3,6,12.3,0.2,0,49,8.8,29.6,1015.1,
16/05/2020,11.4,5.1,18.1,0,0,49,7.3,24.1,1020.2,
17/05/2020,14.5,7.3,21.3,0,0,36,7.4,27.8,1020.2,
18/05/2020,16.4,8.6,23.3,0,0,28,6.4,20.4,1022,
19/05/2020,18.2,11.2,24.2,0,0,39,8.1,31.5,1019.2,
20/05/2020,18.1,13.1,22.7,0,0,45,8.3,33.3,1018.5,
21/05/2020,18.1,10.8,24.1,0,0,51,6.8,24.1,1019.9,
22/05/2020,19.7,13.1,26.2,0,0,192,5,25.9,1021.7,
23/05/2020,14.7,6.8,24.1,13.1,0,245,7,35.2,1025.1,
24/05/2020,12.7,6.9,19.1,0,0,249,6,24.1,1031.6,
25/05/2020,13.8,8.4,19.2,0,0,34,6.5,22.2,1031.4,
26/05/2020,14.4,8.9,20,0,0,48,9.1,29.6,1031,
27/05/2020,15.1,7.7,21.5,0,0,49,8.8,29.6,1030.5,
28/05/2020,15.2,10.1,22,0.3,0,54,6.5,25.9,1027.1,
29/05/2020,14,8.5,19.4,0,0,52,13.2,46.3,1022.6,
30/05/2020,13.8,8.1,19.3,0,0,48,10.3,33.3,1019.1,
31/05/2020,14.2,7.6,20.2,0,0,50,9.5,29.6,1017.8,
01/06/2020,16.9,9.3,24.2,0,0,52,9.1,29.6,1017.8,
02/06/2020,18.4,11.2,24.9,0,0,46,6.9,24.1,1015.3,
03/06/2020,18.3,13.9,25.5,7.3,0,217,5.8,29.6,1006.6,
04/06/2020,13,10.5,14.8,25.8,0,208,8,24.1,999.6,
05/06/2020,12.6,9.6,16.5,2.2,0,243,15.3,61.1,1002.4,
06/06/2020,15,11.3,20.2,8.5,0,244,15.4,50,1005.6,
07/06/2020,10.8,9.5,12.8,4.4,0,215,5.2,14.8,1010.2,
08/06/2020,13.1,9.4,19.3,8.8,0,51,6.4,27.8,1012,
09/06/2020,11.9,10.1,14.6,0.5,0,17,5.4,16.7,1013.5,
10/06/2020,12.4,11.4,14.9,18.8,0,279,4.8,14.8,1013.4,
11/06/2020,14.5,11.3,19.9,0,0,80,5.6,22.2,1009.2,
12/06/2020,18.5,10.5,26.8,0.1,0,78,8.1,25.9,1005.6,
13/06/2020,17,11.9,24.9,8.5,0,1,6.5,27.8,1010.1,
14/06/2020,13.3,11.7,15.6,0.3,0,226,10,31.5,1016.9,
15/06/2020,15.8,12.8,20.1,0,0,218,5.1,16.7,1018.3,
16/06/2020,16.3,13.3,21.1,0,0,140,4.8,20.4,1016.4,
17/06/2020,13.6,11,14.9,22,0,293,8,29.6,1013,
18/06/2020,14.4,10.9,20.3,6,0,248,5.1,22.2,1014.3,
19/06/2020,13.1,11.2,16,0.2,0,214,5.6,20.4,1018.4,
20/06/2020,16.3,11.7,21,0,0,19,3.9,24.1,1021.1,
21/06/2020,18.1,13.2,23.8,0,0,232,4.2,18.5,1021,
22/06/2020,19.1,15.6,24.3,0,0,294,4.1,16.7,1023,
23/06/2020,20.5,13.3,26.6,0,0,49,9.1,27.8,1021.5,
24/06/2020,21,14.4,27.2,0,0,48,9.4,27.8,1019.1,
25/06/2020,20.9,14,27.4,0,0,43,6.9,24.1,1016.5,
26/06/2020,19.7,15.9,26.9,0.7,0,188,6.4,25.9,1014.4,
27/06/2020,20.4,16.3,27.7,1.3,0,201,6.8,27.8,1014.2,
28/06/2020,19.5,14.2,25.6,27.7,0,237,6.9,25.9,1016.2,
29/06/2020,17.1,13.5,22.6,2.1,0,260,7.5,25.9,1015.7,
30/06/2020,19.2,13,26.3,0,0,276,6.2,27.8,1014.1,
01/07/2020,21.5,15.8,29.9,14,0,233,6.9,37,1010.9,
02/07/2020,18.6,15.8,24,1.6,0,237,7.9,31.5,1013.7,
03/07/2020,16.2,13.5,19.5,0,0,263,4.4,13,1018.8,
04/07/2020,18.9,13.4,24.9,0,0,250,5.2,25.9,1020,
05/07/2020,21.6,15.3,28.2,0,0,242,7.5,33.3,1018.3,
06/07/2020,18.4,12.3,21.1,0,0,269,10.6,38.9,1017.2,
07/07/2020,16.9,9.6,22.7,0,0,27,6.5,24.1,1019.8,
08/07/2020,19.6,12.6,26.8,0,0,287,5.8,27.8,1017.5,
09/07/2020,22.8,15.9,29.7,0,0,224,6.1,35.2,1015.9,
10/07/2020,22.7,15.6,29.6,22.1,0,232,9.4,38.9,1013.5,
11/07/2020,16.1,12.5,19.9,0,0,22,6,20.4,1020.4,
12/07/2020,17.4,11.4,23.5,0,0,51,9.5,31.5,1022.8,
13/07/2020,18.2,11.8,24.2,0,0,47,7.1,22.2,1020.3,
14/07/2020,19.6,13.3,25.7,0,0,213,5.5,25.9,1015.2,
15/07/2020,16.8,14.1,20.3,8.4,0,250,6.2,25.9,1014.6,
16/07/2020,14.8,13.8,16.9,7.5,0,243,6.7,22.2,1018.8,
17/07/2020,15.6,13.3,18.6,0,0,330,4.7,13,1019.5,
18/07/2020,17.6,11.9,23.3,0,0,49,7.5,25.9,1018.4,
19/07/2020,19.5,12.2,26.5,0,0,45,4.4,16.7,1016.3,
20/07/2020,22,15.4,29.1,0,0,199,4.6,25.9,1015.8,
21/07/2020,21.4,16,26.7,0,0,192,5.4,24.1,1018.9,
22/07/2020,21.7,17,26.7,0,0,176,5.8,27.8,1019.2,
23/07/2020,21.9,17.2,27.2,0,0,211,5.1,22.2,1015.3,
24/07/2020,18.5,16.3,22.3,1.1,0,223,6.5,27.8,1013.9,
25/07/2020,20.8,14.9,26.9,1,0,202,5.3,22.2,1014,
26/07/2020,20.7,16.1,25.9,0,0,243,7.9,29.6,1013.4,
27/07/2020,22.7,15.6,30.1,0,0,172,5,22.2,1015.4,
28/07/2020,24.4,21.1,29.9,1.1,0,241,8.2,33.3,1013.5,
29/07/2020,22.3,17.7,27.9,0,0,354,5.4,18.5,1017.6,
30/07/2020,23.5,15.7,31,0,0,29,5.4,14.8,1017.4,
31/07/2020,26.4,19.7,33.6,0,0,144,4.3,20.4,1015.1,
01/08/2020,24.7,17.9,30.4,1.3,0,180,5.1,20.4,1013.9,
02/08/2020,19.2,16.3,24.4,8,0,276,6.6,25.9,1015,
03/08/2020,15.3,11.8,18.1,32.3,0,281,6.2,25.9,1013,
04/08/2020,13.3,11.5,16.7,4,0,240,6.5,24.1,1015.8,
05/08/2020,16.2,10.3,22.8,0,0,52,7.9,31.5,1017.7,
06/08/2020,18.9,11.9,25.8,0,0,48,6.8,20.4,1018.5,
07/08/2020,21.7,14.7,28.6,0,0,52,5.3,16.7,1018.7,
08/08/2020,22.6,16.9,29,0,0,65,4.8,16.7,1019,
09/08/2020,23,17,29.8,0,0,83,4.1,18.5,1016.9,
10/08/2020,23.4,18.2,30.8,0,0,116,4.1,18.5,1013.8,
11/08/2020,23.4,19.4,30.6,2.8,0,170,4.5,16.7,1014.8,
12/08/2020,24.5,18.7,31.2,0,0,74,3.9,16.7,1014.4,
13/08/2020,21.6,18.1,25.7,0.9,0,176,6,27.8,1014.4,
14/08/2020,20.5,17.9,25.2,0,0,231,6.2,18.5,1015.5,
15/08/2020,21.3,16.5,27,0,0,123,4.1,13,1014.2,
16/08/2020,22.3,16.4,29.1,12.7,0,61,4.9,16.7,1010.6,
17/08/2020,18.7,15.7,23.6,6.7,0,215,5.7,18.5,1012.2,
18/08/2020,18.7,15,23.8,0.6,0,216,5.7,22.2,1013.4,
19/08/2020,20.1,14.9,25.1,0,0,115,4.4,13,1011.7,
20/08/2020,24.4,18.5,31,0,0,143,4.4,14.8,1009.8,
21/08/2020,25.6,18.9,32.7,0,0,201,5.5,25.9,1011.9,
22/08/2020,19.8,17.7,22.7,6,0,247,6.4,24.1,1018.3,
23/08/2020,18.9,16.6,22.3,0,0,248,7,29.6,1019.5,
24/08/2020,17.7,13.8,22.4,0,0,300,6,29.6,1018.1,
25/08/2020,18.8,12.3,25.3,0,0,168,4.5,18.5,1015,
26/08/2020,22.2,15.8,26.2,0,0,255,16.8,57.4,1015,
27/08/2020,18.7,13.7,24.5,0,0,346,3.9,16.7,1016.8,
28/08/2020,17.6,12.7,23.4,7.5,0,218,6.9,22.2,1008,
29/08/2020,13.3,12.4,14.2,18.9,0,121,5.8,29.6,1007.5,
30/08/2020,11.3,8.8,13,34.9,0,291,7.2,27.8,1010.3,
31/08/2020,13.5,9.6,19,0.2,0,252,4.1,16.7,1017.5,
01/09/2020,14,11.2,17.8,0,0,326,4.3,20.4,1016.8,
02/09/2020,14.5,11.2,20.3,0,0,41,5.7,20.4,1017.2,
03/09/2020,16.3,10.6,22.5,0,0,203,4.1,18.5,1022.3,
04/09/2020,19.3,13.1,26.2,0,0,180,3.7,14.8,1023.9,
05/09/2020,20.6,16.1,26.5,0,0,233,6.6,31.5,1018.4,
06/09/2020,14.8,12.4,16.6,5.2,0,353,4.9,16.7,1018.9,
07/09/2020,14.4,11.2,19.4,0,0,47,8.3,31.5,1021.7,
08/09/2020,15.6,9.5,22.3,0,0,44,5.4,14.8,1026.5,
09/09/2020,17.9,12.2,25.2,0,0,313,3.8,16.7,1023.7,
10/09/2020,18.4,13.6,24.1,0,0,50,5.1,20.4,1019.3,
11/09/2020,18.1,13.9,24.1,0,0,47,5.8,18.5,1016.3,
12/09/2020,19.2,14,25.8,0,0,60,3.4,13,1019,
13/09/2020,19.8,14.4,26,0,0,56,4.9,20.4,1024.6,
14/09/2020,20.5,14.7,28.3,0,0,78,4.2,13,1024.4,
15/09/2020,21.3,16.1,28.5,0,0,173,3.2,13,1021.3,
16/09/2020,20.7,16,26.7,0,0,142,3.3,13,1019.3,
17/09/2020,19.8,14.6,25.1,0,0,51,8.4,33.3,1019.6,
18/09/2020,18.1,14.2,22.4,0,0,49,8.3,31.5,1020,
19/09/2020,16.8,13.2,21.6,0,0,34,5.2,18.5,1017.7,
20/09/2020,18.3,14.4,23.8,0.9,0,45,4,13,1014.2,
21/09/2020,18.8,14.7,24.7,0,0,175,3.4,13,1014.9,
22/09/2020,18.6,14.7,23.2,1.7,0,193,3.8,14.8,1012.6,
23/09/2020,16.3,14.4,20.2,1.3,0,213,6.3,22.2,1010,
24/09/2020,15.7,12.6,19.6,12,0,214,7,31.5,1008.3,
25/09/2020,8.8,6.6,12.8,4.4,0,238,13.1,48.2,1003.9,
26/09/2020,6.7,5.5,8.6,5,0,242,26,66.7,1006.7,
27/09/2020,8.4,5.9,11.9,0,0,245,12.7,48.2,1005.5,
28/09/2020,10.1,5.4,15,3.2,0,246,4.3,29.6,1012,
29/09/2020,10.7,9.1,12.3,1.9,0,221,9.3,31.5,1019,
30/09/2020,11.2,7.9,16.6,0,0,51,3.4,13,1016.7,
01/10/2020,12.5,9.5,16.9,0.1,0,198,4.8,33.3,1007.8,
02/10/2020,13.6,10.1,19.9,4.1,0,62,8,31.5,992.7,
03/10/2020,9.4,5.8,12.9,8.3,0,242,10,44.5,994.2,
04/10/2020,11.8,8.5,16.1,3.1,0,242,7.9,37,1000.1,
05/10/2020,10.2,8.4,12.5,0.7,0,224,10.3,37,1007.9,
06/10/2020,11.8,9.7,15.6,2.2,0,234,16.1,55.5,1010.8,
07/10/2020,10.4,9.1,12.1,1.4,0,238,16.8,48.2,1017.4,
08/10/2020,12.1,7.9,17.2,0,0,220,6.7,24.1,1023.4,
09/10/2020,12.9,9.3,18.1,1.1,0,215,4.9,22.2,1022,
10/10/2020,10.2,7.3,13.2,7.5,0,243,6.7,22.2,1022.4,
11/10/2020,6.9,3.8,9.8,3.2,0,307,3.6,13,1021.9,
12/10/2020,6,3.3,8.6,0,0,289,3,11.1,1021.9,
13/10/2020,6.6,3.7,10.9,0,0,56,5,22.2,1014.7,
14/10/2020,6.3,3.3,10.7,0,0,46,8.8,33.3,1012.5,
15/10/2020,5.7,4.6,6.8,1.8,0,37,7.2,27.8,1013.8,
16/10/2020,6.9,5.7,8.2,6.5,0,24,3.7,13,1017.5,
17/10/2020,7.1,5.5,9.2,0,0,35,5.4,18.5,1019.5,
18/10/2020,7.6,5.4,10.7,0,0,358,2.8,11.1,1023.4,
19/10/2020,6.6,3.4,11.6,0,0,49,3.5,13,1023.9,
20/10/2020,8.9,3.6,15.1,0,0,72,3.3,13,1018.5,
21/10/2020,11.6,7.9,15.7,0,0,84,3.9,16.7,1013.5,
22/10/2020,12.6,8.7,17.6,6,0,76,3.4,14.8,1018.1,
23/10/2020,11.9,10.6,13,16.8,0,200,5,22.2,1017.2,
24/10/2020,11.2,7.3,15.2,0,0,222,7.3,31.5,1019,
25/10/2020,10.1,6,15.4,2,,100,3.3,11.1,1011.6,
26/10/2020,6.2,3.9,10.4,15.4,0,230,6.9,29.6,1009.3,
27/10/2020,7.2,5,10.8,0.9,0,215,6.5,24.1,1013.4,
28/10/2020,9.3,6.9,12.9,4.9,0,216,8.6,25.9,1016.4,
29/10/2020,10.3,9.2,11.1,6.4,0,238,17.3,55.5,1022.4,
30/10/2020,11.4,7.3,15.6,0,0,243,8.6,33.3,1026.2,
31/10/2020,7.7,4.9,11.6,0,0,165,3.5,11.1,1025.3,
01/11/2020,9.9,5.6,13.5,1.1,0,213,5.6,22.2,1021.3,
02/11/2020,16.7,12.3,21.4,0.1,0,225,6.6,20.4,1019.5,
03/11/2020,11.6,7.8,16.7,8.4,0,258,5.2,27.8,1024.5,
04/11/2020,6.4,5.5,7.9,0.4,0,46,6.9,29.6,1030,
05/11/2020,7.5,6.1,8.6,0,0,48,8.5,25.9,1034.4,
06/11/2020,7.1,6,9.9,0,0,48,6.3,22.2,1032.4,
07/11/2020,6.8,4.7,10.1,0,0,56,4.5,11.1,1028,
08/11/2020,6.7,4.3,11,0,0,87,2.6,9.3,1026,
09/11/2020,7.3,4.1,13,0.1,0,96,2.8,9.3,1025.4,
10/11/2020,6.3,3.5,10.2,0.1,0,76,2.6,7.4,1027.4,
11/11/2020,5.9,5,7.1,0.1,0,63,3,11.1,1026.9,
12/11/2020,9.3,6.7,14.1,0,0,193,4.4,18.5,1023.4,
13/11/2020,8.7,5,13.9,0.1,0,183,3.1,13,1023.3,
14/11/2020,9.3,5.6,14.6,0,0,169,2.3,9.3,1022.4,
15/11/2020,9.7,5.7,14,5.1,0,186,3.1,16.7,1017.8,
16/11/2020,9.3,6.6,11.4,0.2,0,235,11,42.6,1021.5,
17/11/2020,7.9,4.9,11.3,0,0,158,3.1,11.1,1029.9,
18/11/2020,5.1,3.1,11.6,0,0,154,2.8,9.3,1028.9,
19/11/2020,7.9,5.3,11.3,3.5,0,237,10.8,38.9,1027.9,
20/11/2020,4.3,0.8,6.7,0.2,0,0,6.5,29.6,1034.3,
21/11/2020,1.3,-1,4.8,0,0,53,5.6,20.4,1035.7,
22/11/2020,1.2,-2.1,5.4,0,0,116,2.5,7.4,1031.7,
23/11/2020,3.5,0.7,8.8,0,0,125,3.6,14.8,1030.7,
24/11/2020,2.2,0.4,3.6,0,0,60,4.2,14.8,1027.2,
25/11/2020,1.4,0.2,2.3,0,0,66,2.4,9.3,1023.2,
26/11/2020,1.5,0.5,3.1,0,0,135,2.4,7.4,1024.7,
27/11/2020,0.8,-0.3,2.2,0,0,72,3,13,1022.6,
28/11/2020,0.3,-0.5,1.4,0,0,52,6.9,20.4,1020.1,
29/11/2020,0.3,-0.7,1.6,0,0,44,7,22.2,1023,
30/11/2020,-0.2,-1,0.8,4.6,0,13,4.2,14.8,1027.3,
01/12/2020,0.1,-1.1,1,5.1,20,218,6.4,24.1,1020,
02/12/2020,0.1,-0.7,0.7,0,10,38,5.8,20.4,1016.3,
03/12/2020,0.7,-0.9,3.4,0,10,189,5.4,25.9,1007.8,
04/12/2020,0.3,-0.9,1.7,3.8,0,14,6.2,22.2,992,
05/12/2020,1.2,-0.2,2.1,5.7,40,64,4.7,16.7,999,
06/12/2020,0.8,-0.2,1.9,12.1,30,251,4.4,13,1000.9,
07/12/2020,0.8,-0.3,2.3,0,10,163,5.2,18.5,1002.6,
08/12/2020,0,-1.1,1.1,1.4,10,48,5.9,22.2,1003.2,
09/12/2020,0.2,-0.5,1,3.9,10,254,5.5,14.8,1010.8,
10/12/2020,-0.4,-1.7,0.2,0,20,62,3.8,11.1,1008.9,
11/12/2020,-0.8,-2.5,0.7,0.8,20,153,3.5,13,1003.2,
12/12/2020,3.3,0.4,4.8,4.3,20,203,5.5,20.4,1002.2,
13/12/2020,3.8,2.8,4.8,0.2,0,196,6.6,25.9,1013.9,
14/12/2020,2.8,0.9,5.4,0,0,100,3.3,9.3,1015.7,
15/12/2020,4.2,1.4,6.6,0,0,165,2.9,11.1,1016.4,
16/12/2020,3.3,1.8,4.7,0,0,58,3.3,13,1019.9,
17/12/2020,3.8,2.4,7.1,0,0,156,2.9,11.1,1025,
18/12/2020,2.5,-0.1,6.5,0,0,80,3.2,9.3,1026.4,
19/12/2020,0.5,-1.5,2,0,0,69,3.6,9.3,1023.2,
20/12/2020,2.4,-0.3,5.6,0.2,0,145,3.4,13,1023.9,
21/12/2020,4.7,2.3,7,8,0,174,4,18.5,1024.7,
22/12/2020,9.7,6.2,14,1.9,0,230,14.8,50,1022.8,
23/12/2020,9.3,6.3,12.6,18.2,0,219,7.5,37,1018.4,
24/12/2020,6.3,1.8,9.5,3.8,0,241,20.2,61.1,1014.3,
25/12/2020,0.8,-1,1.9,0.2,0,306,7.7,42.6,1020.9,
26/12/2020,-1.2,-3.3,1.5,0,0,68,4,16.7,1027.2,
27/12/2020,-1.4,-3.9,2.5,0,0,182,5.3,20.4,1005.6,
28/12/2020,1.4,-0.2,3.3,1.6,0,273,5.5,22.2,984.7,
29/12/2020,3.2,0.4,5.2,0.4,0,222,11.2,42.6,993.4,
30/12/2020,1.5,-0.8,3,0.4,0,219,5.5,16.7,1006.5,
31/12/2020,0.9,-0.7,2.3,1,0,183,4.1,13,1008.6,
01/01/2021,0.9,0.3,1.8,0.2,10,22,4.6,18.5,1008.9,
02/01/2021,0.6,-0.7,1,0,0,37,8.3,24.1,1010.9,
03/01/2021,-0.4,-2.3,0.5,0,0,15,4.4,18.5,1011.6,
04/01/2021,-0.9,-2.7,0,0,0,47,6.6,25.9,1012.9,
05/01/2021,-1.4,-2.1,-1,0.6,0,38,5.8,24.1,1013,
06/01/2021,-1.2,-2.4,-0.6,3.3,0,240,4.6,14.8,1014.8,
07/01/2021,-0.1,-0.9,0.9,0,20,198,3.6,11.1,1016.8,
08/01/2021,-1.9,-4.5,0.5,0,20,186,4.8,18.5,1018.5,
09/01/2021,-3.1,-6.2,-0.4,0,30,51,9.3,35.2,1021.2,
10/01/2021,-2.5,-3.4,-1,0,10,48,10.7,35.2,1022.7,
11/01/2021,-3.7,-4.7,-2,0,10,71,4.8,22.2,1024.9,
12/01/2021,-0.4,-3.3,1.7,9.5,10,227,17.3,61.1,1020.4,
13/01/2021,1.9,0,4.1,12.7,30,240,14.4,51.8,1020.6,
14/01/2021,0.6,-1.4,4.2,46.8,0,349,12.4,57.4,1018.6,
15/01/2021,-3,-7.1,-1,5.2,300,41,7.1,20.4,1022.4,
16/01/2021,-4.6,-8.2,-2.8,1.6,400,171,4.5,14.8,1028.5,
17/01/2021,0.1,-2.9,1.1,1.2,380,236,11.7,37,1021.9,
18/01/2021,0.6,-1.3,1.9,0,340,235,7.3,22.2,1028.7,
19/01/2021,0.4,-3.2,4.7,0,290,209,6.9,25.9,1023,
20/01/2021,2.7,0,6.7,0,240,166,3.9,16.7,1012.5,
21/01/2021,4.3,1.4,9.7,0.1,240,246,4.8,20.4,1005.3,
22/01/2021,5.7,0.9,8.9,5.8,220,241,6.2,42.6,997.2,
23/01/2021,1.6,0.2,3.4,0.9,200,221,8.3,29.6,999.2,
24/01/2021,0.6,-1.1,2.5,1.7,50,238,12.7,51.8,1003.2,
25/01/2021,-0.1,-1.3,2,4.1,60,228,12.1,37,1006.9,
26/01/2021,-0.2,-2,1.9,0,60,238,12.9,42.6,1022.6,
27/01/2021,-0.9,-2.4,0.6,6.7,50,199,6.2,22.2,1020.4,
28/01/2021,5.8,0.5,9.3,24.3,50,224,18.6,72.2,1012.9,
29/01/2021,7.1,3.8,9,15.6,0,236,28.5,77.8,1008.2,
30/01/2021,5.3,4.3,6.2,8.7,0,222,13.3,61.1,1002.9,
31/01/2021,4.9,3.6,6.3,5.7,0,199,4.6,24.1,999.2,
01/02/2021,5.2,3.7,7,10.1,0,195,8.3,37,997.4,
02/02/2021,7.9,5.7,10.4,4.5,0,230,15.1,57.4,1007.9,
03/02/2021,8.1,5.7,10.3,11.2,0,216,14,61.1,1007.8,
04/02/2021,6.6,3.5,9.1,0.2,0,103,7.2,50,1015.3,
05/02/2021,7.5,3,11.5,0,0,82,3.8,14.8,1013.5,
06/02/2021,5.7,4.2,6.9,0,0,44,5.8,22.2,1006.4,
07/02/2021,4.1,1.9,7,1.3,0,290,6.7,29.6,998.8,
08/02/2021,1.6,-0.8,5.8,3,0,249,5.5,20.4,998,
09/02/2021,-0.4,-0.9,0.2,1.9,60,302,5,16.7,1002.5,
10/02/2021,-0.8,-6.8,1.3,6.9,30,354,6.5,20.4,1005.2,
11/02/2021,-6.7,-8.9,-6.5,0,60,34,10.3,35.2,1025.2,
12/02/2021,-7.3,-9.2,-4.9,0,60,48,11.9,37,1027.1,
13/02/2021,-6.4,-9.6,-3.8,0,60,48,12.6,38.9,1033.1,
14/02/2021,-6.4,-11.7,-1.7,0,60,55,7.9,31.5,1038.3,
15/02/2021,-0.4,-6.5,4.6,0.9,50,163,4.2,22.2,1034.9,
16/02/2021,5.6,1.8,9.7,1,30,207,5.7,29.6,1024.6,
17/02/2021,6.9,2.1,11.1,0,0,218,8.7,40.8,1022.6,
18/02/2021,5.5,0.2,10,0,0,125,4.2,22.2,1019,
19/02/2021,6.8,5.2,13.5,0,0,213,4.3,20.4,1020,
20/02/2021,10.6,2.5,14.8,0,0,75,3.1,14.8,1020.4,
21/02/2021,7.8,2.1,15.1,0,0,71,3.8,16.7,1019.5,
22/02/2021,8.9,3.3,15.7,0,0,58,3.6,16.7,1023.4,
23/02/2021,9.7,4.2,15.8,0,0,,2.4,11.1,1035.1,
24/02/2021,10.8,5.4,16.7,0,0,,2.6,11.1,1035.2,
25/02/2021,10.3,5.2,17.6,0,0,,2.6,13,1031.3,
26/02/2021,9.8,5,15,0,0,286,4,20.4,1030.8,
27/02/2021,4.9,1.8,8.1,0,0,47,13.8,48.2,1033.5,
28/02/2021,3,0.2,7.7,0,0,48,9,29.6,1032.9,
01/03/2021,5.6,-1,10.9,0,0,48,4.9,18.5,1031.7,
02/03/2021,7.3,0.2,14.2,0,0,109,3.3,13,1032.5,
03/03/2021,6.7,3.9,10.1,0,0,,2.7,16.7,1030.8,
04/03/2021,8.1,4.5,12.6,2.6,0,233,5.5,25.9,1022.5,
05/03/2021,4.2,1,6.3,0.4,0,351,7.3,29.6,1022.5,
06/03/2021,2,-0.8,5.6,0,0,49,10.7,33.3,1028.5,
07/03/2021,3.3,-0.8,8.1,0.5,0,278,5.1,20.4,1024,
08/03/2021,4.7,1.2,9,0,0,36,6.8,24.1,1019.4,
09/03/2021,3.8,-1.8,7.6,0.4,0,343,5.5,20.4,1019.3,
10/03/2021,5.2,1,10,0,0,213,4.8,18.5,1020.8,
11/03/2021,10.2,5.6,14.7,5.1,0,230,19,75.9,1012.3,
12/03/2021,7.7,4.6,11.4,0.1,0,242,24.2,79.6,1015.7,
13/03/2021,8.2,3.5,12.5,6.4,0,238,29.2,87,1010.7,
14/03/2021,2.4,0.3,4.4,4.9,0,243,22.8,85.2,1016,
15/03/2021,2.6,1,4.1,6.1,0,238,16.9,48.2,1018.3,
16/03/2021,2.6,1.1,5.2,2.8,0,244,9.7,27.8,1025.3,
17/03/2021,1.3,0,4.1,8.5,0,241,4.9,18.5,1023.9,
18/03/2021,0.4,-1.1,3.1,0,0,32,4.9,20.4,1023.3,
19/03/2021,1.3,-3,6.1,1.1,0,50,5.9,24.1,1019.1,
20/03/2021,-0.3,-3.5,3.5,0,20,49,9,27.8,1026.4,
21/03/2021,1.6,-0.9,3.5,0.1,0,175,3.9,16.7,1024.2,
22/03/2021,2.7,0.5,4.8,0,0,29,4,18.5,1023.6,
23/03/2021,5.3,-1,9.8,0,0,55,6.5,22.2,1026.1,
24/03/2021,8.3,-0.2,15,0,0,111,3.1,14.8,1025.3,
25/03/2021,9.6,2.5,16.1,0,0,243,4.4,24.1,1022.6,
26/03/2021,11.1,3.8,16.3,13.2,0,210,4.6,18.5,1020.9,
27/03/2021,7.8,4.7,11.1,0.1,0,248,14.7,51.8,1026.7,
28/03/2021,9.4,1.6,15.2,0,0,,,,,
29/03/2021,12.6,4.4,19.5,0,0,213,3.2,16.7,1032.1,
30/03/2021,13.9,6.2,20.8,0,0,44,3.3,16.7,1030.8,
31/03/2021,16,7.5,22.8,0,0,166,3.8,18.5,1024.9,
01/04/2021,16.2,9.1,22.8,0,0,206,3.7,20.4,1019.7,
02/04/2021,13.5,6.3,20.1,0,0,11,6,27.8,1017.3,
03/04/2021,5.6,1.9,9.1,0,0,45,12.4,37,1022,
04/04/2021,6.8,0.9,12.7,0,0,48,9.2,31.5,1021.4,
05/04/2021,7.8,-1.8,15.2,1.5,0,253,13,63,1013.8,
06/04/2021,0.4,-2.7,3.3,1.8,10,272,7.5,27.8,1017.1,
07/04/2021,0.4,-2.6,3.2,0.1,10,249,13.9,48.2,1021.9,
08/04/2021,4.9,0.2,9.9,0,0,208,7.2,29.6,1026.1,
09/04/2021,10.1,2.1,16.6,0,0,187,5.9,29.6,1019.4,
10/04/2021,11.6,8.1,16.9,0,0,202,6.5,22.2,1015.3,
11/04/2021,11.8,7.2,19.7,10.1,0,228,6.5,31.5,1011.2,
12/04/2021,2.2,0,6.9,3.8,10,307,6.6,31.5,1025.8,
13/04/2021,2.4,-1.1,6.5,0,0,38,4.5,22.2,1030.2,
14/04/2021,3.3,-1.4,8.7,0,0,47,9.3,37,1027.6,
15/04/2021,3.4,-1,7.7,0,0,43,10.2,38.9,1025.6,
16/04/2021,4.1,-0.8,9.2,0,0,45,11.7,40.8,1022.9,
17/04/2021,4.5,-0.2,9.3,0,0,43,9.3,35.2,1021.9,
18/04/2021,5.7,3.3,10.2,0,0,27,5.2,20.4,1020.4,
19/04/2021,7.5,1.5,12,0,0,40,4,20.4,1019.6,
20/04/2021,10.3,3.4,15.6,0,0,48,4.3,20.4,1016.6,
21/04/2021,12.2,4,18.1,0,0,1,4.5,22.2,1015.5,
22/04/2021,11.2,7.3,16.5,0,0,59,4.9,25.9,1019.8,
23/04/2021,11.6,3.4,18.2,0,0,44,10.5,31.5,1024.1,
24/04/2021,13.3,4.8,20.8,0,0,11,6.8,24.1,1021.9,
25/04/2021,13.2,6.9,18.8,0,0,35,8.9,27.8,1019.1,
26/04/2021,11,5.6,17.3,0,0,44,12.1,35.2,1013.7,
27/04/2021,11.8,4.3,18.5,0,0,33,9.2,31.5,1006.5,
28/04/2021,12.9,8.9,19.8,8.7,0,218,6.6,24.1,1004.2,
29/04/2021,10.7,8.2,13.9,0.7,0,233,9.1,31.5,1007.7,
30/04/2021,8.7,5.3,15.1,8.5,0,357,6.2,25.9,1011.8,
01/05/2021,6.4,4.4,8.2,26.6,0,8,6.2,20.4,1012.6,
02/05/2021,5.7,4.3,9.7,3.1,0,239,6.6,20.4,1018.3,
03/05/2021,8.7,2.9,14.2,0,0,215,4.8,22.2,1022.3,
04/05/2021,12.1,5.2,17.2,2.8,0,227,15.7,63,1012.3,
05/05/2021,8.8,5.7,12.7,0.7,0,246,17.7,51.8,1011.1,
06/05/2021,8.4,7.1,10.3,10.4,0,225,11.7,55.5,1012.1,
07/05/2021,8.4,5.4,12.4,1.6,0,251,16.7,55.5,1015.3,
08/05/2021,12.1,3.5,19,0,0,146,4.5,18.5,1017.9,
09/05/2021,18.7,9.4,26.3,0,0,121,6.1,25.9,1010,
10/05/2021,17.1,10.5,21.2,0,0,289,7.6,31.5,1007.3,
11/05/2021,11.1,8.7,15.7,16.2,0,263,8.8,31.5,1009.8,
12/05/2021,9.7,6.6,12.8,0,0,217,8.6,29.6,1013.9,
13/05/2021,9.2,5.9,13,1.6,0,223,7.2,33.3,1010.4,
14/05/2021,10.8,4.8,17.7,0,0,218,6.4,31.5,1010.5,
15/05/2021,10.2,6.1,14.6,10.2,0,228,8.8,27.8,1011,
16/05/2021,9.7,8.3,13.4,11.5,0,221,9.1,42.6,1008.4,
17/05/2021,9.7,6.9,13.9,5.4,0,236,21.9,68.5,1011.7,
18/05/2021,11.4,7.1,14.9,1.7,0,246,13.7,46.3,1016.8,
19/05/2021,8.1,5.7,13.5,4.2,0,246,9.9,29.6,1019.9,
20/05/2021,10.1,6.6,15.3,0.4,0,228,9.1,27.8,1022.4,
21/05/2021,9.7,6.5,11.8,24.4,0,217,7.3,27.8,1014.8,
22/05/2021,11.7,6.4,17.5,6.6,0,241,14,44.5,1012.4,
23/05/2021,10.7,6.5,16.6,3.1,0,248,10.9,38.9,1017.8,
24/05/2021,10.7,7.7,14.3,2.9,0,252,6.5,27.8,1015,
25/05/2021,11.1,6.2,15.6,0,0,246,20.1,57.4,1020.7,
26/05/2021,12.1,9.8,15.5,4.4,0,245,12.8,48.2,1018.7,
27/05/2021,9.8,7.6,14.6,3.4,0,255,5.6,18.5,1020.6,
28/05/2021,13.7,6.3,20.2,0,0,52,5.7,22.2,1020.8,
29/05/2021,14.3,10.4,19.4,0,0,45,9.4,31.5,1021.3,
30/05/2021,14.2,8.7,19.3,0,0,52,12.8,44.5,1022.1,
31/05/2021,15.4,6.9,21.2,0,0,46,9.1,27.8,1019.1,
01/06/2021,15.7,8.6,24,0,0,48,8.6,24.1,1015.8,
02/06/2021,18.2,11.1,25.5,0.7,0,308,5.2,22.2,1015.5,
03/06/2021,19.4,14.6,25.8,0,0,167,4.2,18.5,1020.8,
04/06/2021,19.2,14.8,24.4,3.1,0,196,4.5,18.5,1021.5,
05/06/2021,14.8,13,16.7,4.5,0,224,6.6,29.6,1021.9,
06/06/2021,15.2,13.1,17.1,3.9,0,294,4.6,16.7,1021.7,
07/06/2021,15.9,14.3,19.8,12.8,0,297,4.5,16.7,1020.5,
08/06/2021,16.7,13.4,21.3,4.2,0,15,4.7,18.5,1020.7,
09/06/2021,17.1,13.6,23,0,0,42,4.4,24.1,1021.1,
10/06/2021,19.2,13.2,25.1,0,0,53,4.6,20.4,1020.4,
11/06/2021,20.3,13.4,25.3,0,0,46,5.2,20.4,1018.7,
12/06/2021,22.1,14.9,26.9,0,0,238,6.4,27.8,1019.9,
13/06/2021,20.2,15.9,24.8,0,0,38,7.3,22.2,1023.2,
14/06/2021,20.3,12.6,27.2,0,0,41,8.4,22.2,1019.8,
15/06/2021,23.1,14.6,29,0,0,21,4.5,18.5,1017.1,
16/06/2021,23.3,16.4,30.2,0,0,74,4,16.7,1013.9,
17/06/2021,24.7,17.7,30.8,0,0,76,4.8,18.5,1012.4,
18/06/2021,24.7,17.9,31.1,8.1,0,239,4.9,22.2,1012.9,
19/06/2021,24.2,17.8,29.7,0.1,0,93,5.6,29.6,1014.1,
20/06/2021,21.2,14.6,27.6,8,0,10,6.5,31.5,1009.7,
21/06/2021,19.3,15.3,26.5,3.4,0,235,5.6,24.1,1008.8,
22/06/2021,17.2,14.8,23.5,4.1,0,266,5.9,24.1,1012.3,
23/06/2021,18.3,14.3,23.5,25.8,0,51,4.8,22.2,1016.4,
24/06/2021,15.5,13.1,22.3,9.9,0,271,7,27.8,1018.6,
25/06/2021,16.1,13.4,20.5,0,0,261,7,24.1,1019.9,
26/06/2021,18.4,12.6,23.9,0,0,47,4.4,20.4,1017.2,
27/06/2021,20.8,15.2,27,3.4,0,50,5.8,18.5,1014.1,
28/06/2021,19.6,14.8,27.1,33.9,0,354,5.5,25.9,1013.6,
29/06/2021,15.6,11.9,21.8,25,0,238,6.5,27.8,1014.6,
30/06/2021,14.2,11.3,20.5,8.8,0,243,12.2,55.5,1016.1,
01/07/2021,15.3,11.7,19.1,0,0,253,8.9,27.8,1018,
02/07/2021,18.5,14.1,23.5,0,0,301,5.2,22.2,1018.2,
03/07/2021,18.2,12.8,23.8,2.7,0,25,5.1,20.4,1016.5,
04/07/2021,16.6,13.9,21.3,7,0,214,6.6,24.1,1013.9,
05/07/2021,17.8,13.4,21.3,0,0,195,5.5,16.7,1013.3,
06/07/2021,18.1,14.4,24.5,12.8,0,54,6.2,29.6,1011.7,
07/07/2021,15.9,14.7,17.4,7.7,0,41,4.9,13,1016.9,
08/07/2021,15.3,11.8,19.1,26.6,0,294,6.8,25.9,1019.9,
09/07/2021,16.5,12.2,22.5,0.1,0,258,7.8,20.4,1022.2,
10/07/2021,19.1,11.8,25.5,2,0,15,5.1,22.2,1017.2,
11/07/2021,18.1,13.8,23.2,0,0,257,5.8,37,1017.2,
12/07/2021,19.8,12.9,26,29.9,0,20,6.5,20.4,1010.8,
13/07/2021,13.1,10.7,15.8,36.4,0,238,9.2,33.3,1011.3,
14/07/2021,14.1,10.9,18.7,26.7,0,229,10.2,37,1013.6,
15/07/2021,14.8,12.7,17.3,4.2,0,231,15,40.8,1014.6,
16/07/2021,16.3,14.4,19.6,7.6,0,277,4.5,18.5,1018.4,
17/07/2021,17.9,15.5,22,10.8,0,28,5.1,20.4,1020.9,
18/07/2021,19.6,16,24,0,0,38,7.6,29.6,1018.8,
19/07/2021,20.6,15.3,26.8,0,0,45,8.6,27.8,1016.9,
20/07/2021,21.1,14.9,25.7,0,0,33,7.1,20.4,1017,
21/07/2021,21.3,14,26.9,0,0,31,6.1,20.4,1019.2,
22/07/2021,22.5,14.9,27.7,0,0,9,4.8,18.5,1018.9,
23/07/2021,22.9,15.7,28.6,0,0,34,4.6,16.7,1014.5,
24/07/2021,19.6,17.1,24.9,28.9,0,39,5.7,22.2,1010.9,
25/07/2021,17.7,16,20.9,7.2,0,183,4.6,22.2,1011,
26/07/2021,17.9,16.1,22.3,2,0,243,5.5,31.5,1013.4,
27/07/2021,18.6,15.3,23.8,6,0,210,4.2,14.8,1014.8,
28/07/2021,17,15.4,20.5,5.1,0,221,5.5,16.7,1015.3,
29/07/2021,19.2,15.6,24.3,0,0,241,5.1,24.1,1015.3,
30/07/2021,19.2,15.3,26.6,3.2,0,239,5.7,27.8,1012,
31/07/2021,17.8,14.4,21.1,28.2,0,263,5.4,16.7,1012.3,
01/08/2021,13.8,11.9,16.7,5.1,0,249,6.1,16.7,1012.5,
02/08/2021,16.1,12.2,20.9,0.1,0,218,5.9,24.1,1016,
03/08/2021,15.3,12,21.3,9.4,0,213,4.9,22.2,1016,
04/08/2021,14.1,12.1,15.5,4.3,0,100,4.4,14.8,1014.8,
05/08/2021,16.1,13.3,20.2,11.6,0,238,6.1,25.9,1012,
06/08/2021,17.9,14.5,22.3,0,0,239,9.1,33.3,1009.4,
07/08/2021,15.4,13.4,19.1,12.9,0,158,5.2,20.4,1008.7,
08/08/2021,15.3,12.3,18.3,0,0,235,6.5,22.2,1015,
09/08/2021,17.1,11.6,21.2,0,0,227,4.3,18.5,1019.6,
10/08/2021,20.7,13,26.2,0,0,245,4.4,24.1,1018.6,
11/08/2021,20.8,16.1,27.9,0,0,232,4.4,18.5,1018.7,
12/08/2021,24.3,16.5,30.4,0,0,55,3.7,16.7,1018.8,
13/08/2021,24.1,19.5,28.5,0,0,237,5.6,24.1,1021.2,
14/08/2021,25.3,18.5,30.7,0,0,341,3.9,20.4,1019.8,
15/08/2021,24.1,19.5,27.8,0.3,0,205,4.6,22.2,1015.1,
16/08/2021,18.4,13.1,21.5,4.5,0,246,11,35.2,1015.8,
17/08/2021,15.4,12.4,19.9,0.1,0,272,6.5,25.9,1020.3,
18/08/2021,16.7,13.6,21.3,0,0,258,6.9,22.2,1019.2,
19/08/2021,17.5,15,20.4,0,0,306,3.8,16.7,1017,
20/08/2021,19.4,14.6,24.4,0,0,14,3.8,18.5,1016.5,
21/08/2021,22.2,14.6,27.6,25.7,0,203,5.3,31.5,1017.6,
22/08/2021,17.4,14.9,20.8,6.6,0,239,6.6,24.1,1019.4,
23/08/2021,17.4,12.9,21,0,0,277,5.5,18.5,1021.3,
24/08/2021,14.9,12.6,18,0,0,47,12.3,38.9,1021,
25/08/2021,15,12.3,18.9,0,0,47,8.7,29.6,1018.7,
26/08/2021,16.3,11.5,20.8,0,0,291,7.9,33.3,1014.9,
27/08/2021,14.8,10.5,18.8,0.6,0,326,5,20.4,1016.1,
28/08/2021,12.4,10.2,16.7,8.7,0,285,4.8,20.4,1018.2,
29/08/2021,13.5,11.4,16.1,0.5,0,244,6.2,29.6,1018.4,
30/08/2021,14.2,12.6,17.3,2.9,0,248,5.2,16.7,1017.7,
31/08/2021,15.2,12.4,19.5,0,0,37,5.5,24.1,1021.2,
01/09/2021,15.5,10.8,21,0,0,48,9.7,31.5,1023.8,
02/09/2021,17.5,9.8,22.4,0,0,47,7.8,20.4,1023,
03/09/2021,18.5,11.5,24.2,0,0,41,5.5,20.4,1019.3,
04/09/2021,18.8,12.7,24.5,0,0,61,4.4,20.4,1016.3,
05/09/2021,18.9,13.2,25.2,0,0,66,3.7,16.7,1018.7,
06/09/2021,19.1,13.3,24.7,0,0,51,5.5,18.5,1021.8,
07/09/2021,18.7,12.4,23.9,0,0,54,5.8,18.5,1022.1,
08/09/2021,19.7,12,25.8,0,0,48,6,18.5,1016.5,
09/09/2021,19.7,15.9,23.9,0,0,187,5.1,18.5,1015.3,
10/09/2021,18,14.9,21.2,0.7,0,201,4.6,16.7,1016.5,
11/09/2021,18.8,14.8,23.6,0,0,232,5.6,27.8,1019,
12/09/2021,17.7,13.4,22.2,0,0,40,4.2,13,1017.9,
13/09/2021,19.5,12.8,24.9,0,0,98,3.9,13,1016.8,
14/09/2021,20.4,14.8,25.7,0.2,0,112,3.4,13,1015.5,
15/09/2021,18.4,17.3,20.8,2.6,0,187,4.3,14.8,1015.2,
16/09/2021,17.3,14.8,20.1,6,0,242,4.7,16.7,1016,
17/09/2021,15.6,12,19.8,0,0,38,6.5,20.4,1015.9,
18/09/2021,15.1,10.3,20.6,0,0,44,6.8,20.4,1015,
19/09/2021,11.1,9.7,13,12.4,0,273,8.8,33.3,1014.7,
20/09/2021,12.4,10.6,14.5,0.4,0,141,3.7,11.1,1018.7,
21/09/2021,13.1,9.5,18.1,0,0,41,6.5,22.2,1025.4,
22/09/2021,11.7,7.8,16.7,0,0,48,8.5,27.8,1027.1,
23/09/2021,13.2,7.4,19.8,0,0,246,5.8,20.4,1022.5,
24/09/2021,15.7,11.5,21.6,0,0,196,3.5,16.7,1019.7,
25/09/2021,17,11.8,23.2,1.2,0,45,3.2,13,1017.8,
26/09/2021,16.5,13.8,19.6,0,0,198,4.3,20.4,1018.4,
27/09/2021,16.7,13.3,20.8,0,0,215,4,14.8,1019.5,
28/09/2021,14.2,11.9,16.3,0.3,0,11,5,22.2,1022.1,
29/09/2021,13.8,9.9,18.8,2.6,0,243,8.9,37,1022.3,
30/09/2021,11.3,8.2,16,0,0,40,4.5,14.8,1028.2,
01/10/2021,13,6.7,20,0,0,153,3.9,13,1021.7,
02/10/2021,16.6,13.3,21.1,0.1,0,166,4.1,14.8,1014.9,
03/10/2021,16.2,11.8,22.8,0.8,0,352,5.2,22.2,1008.5,
04/10/2021,11.2,9.8,12.9,4.9,0,314,5.7,20.4,1018.5,
05/10/2021,11.6,9.6,14.6,3.7,0,257,7.6,38.9,1013.7,
06/10/2021,9.4,7.8,11.7,3.6,0,239,10.6,29.6,1021.5,
07/10/2021,9.4,7.4,12.8,0,0,94,6,24.1,1026.2,
08/10/2021,10.7,8.4,14.4,0,0,48,9.2,33.3,1025.1,
09/10/2021,9.3,6.1,13.6,0,0,54,8.2,27.8,1024.9,
10/10/2021,7,3.7,11.2,0,0,45,5.8,18.5,1026.1,
11/10/2021,6.7,2.8,12.2,0,0,35,3.8,13,1026.8,
12/10/2021,8.3,5.5,11.3,3.5,0,213,4,16.7,1023.1,
13/10/2021,7.2,3.2,10.8,0,0,11,5.2,18.5,1024.6,
14/10/2021,6.4,2.3,12.4,0,0,50,4.5,18.5,1027.6,
15/10/2021,8.6,3.9,15,0,0,168,3.4,14.8,1021.3,
16/10/2021,7.8,3.9,13.9,0,0,40,5,14.8,1021.1,
17/10/2021,8.7,6.1,13.9,0,0,176,2.9,13,1021.6,
18/10/2021,9.6,4.9,16.1,0,0,122,2.5,9.3,1025,
19/10/2021,11.6,7.8,16.2,0,0,190,3.2,11.1,1026.1,
20/10/2021,14.4,10.2,19,3.5,0,221,6.3,35.2,1017.7,
21/10/2021,13.3,11,15.7,0.2,0,242,21.4,72.2,1012.3,
22/10/2021,7.9,4.1,11.4,1.3,0,261,8.6,50,1021.1,
23/10/2021,6.2,1.5,11.6,0,0,44,6.5,27.8,1028.1,
24/10/2021,6.3,1.5,13.1,0,0,84,4.1,20.4,1027.2,
25/10/2021,8.4,4.7,14.4,0.3,0,192,3,13,1023.4,
26/10/2021,9.6,7.5,13.9,0,0,206,3.3,13,1024.9,
27/10/2021,7.4,4.9,12.7,0,0,56,3.5,14.8,1026.5,
28/10/2021,7.8,5.3,13.5,0,0,127,2.5,9.3,1022,
29/10/2021,6.9,4.4,11.6,0,0,73,3.1,9.3,1015.7,
30/10/2021,6.4,3,9.9,0.1,0,53,5.4,18.5,1011.2,
31/10/2021,11.5,7.7,16.6,0.3,0,66,3.8,14.8,1010.2,
01/11/2021,9.2,6.9,12.8,5.4,0,211,5.4,18.5,1006.7,
02/11/2021,6.9,4.4,9.9,3.2,0,204,7.2,48.2,1005.5,
03/11/2021,5.3,3,7.6,2.2,0,191,5.4,16.7,1003,
04/11/2021,5.1,4,7,1.4,0,235,12.7,42.6,1010.6,
05/11/2021,5.4,1.7,8.8,0,0,209,5.1,24.1,1023.7,
06/11/2021,3.8,1.1,8.8,0,0,54,4.4,16.7,1030.3,
07/11/2021,5,0.6,9.1,2,0,210,5.1,18.5,1025,
08/11/2021,5.4,1.8,8.6,0.1,0,58,6.2,27.8,1023.1,
09/11/2021,3.8,1.4,7,0,0,45,7.1,24.1,1026.1,
10/11/2021,3.8,1.8,6.4,0,0,53,3.3,11.1,1025.8,
11/11/2021,4.3,1.1,9.6,0,0,76,3,9.3,1024.8,
12/11/2021,3.8,1.7,5.9,0,0,118,3,9.3,1021.1,
13/11/2021,5.9,3.4,7.8,2.8,0,205,3.9,14.8,1018.2,
14/11/2021,7.1,5.8,8.3,1.4,0,70,6.7,25.9,1018.1,
15/11/2021,5.1,3.7,5.8,0,0,45,8,25.9,1021.5,
16/11/2021,4.6,3.7,5.2,0.1,0,347,3.4,14.8,1022.9,
17/11/2021,4.1,3.7,4.5,0,0,296,3.1,11.1,1025.2,
18/11/2021,3.8,1,7.4,0,0,64,3.3,11.1,1031.7,
19/11/2021,2.4,0.2,4,0,0,80,2.5,7.4,1033.7,
20/11/2021,1.9,0.6,2.9,0,0,90,3.2,11.1,1028.3,
21/11/2021,3.3,1.4,6.7,1.2,0,257,4,13,1015.6,
22/11/2021,3.5,2,4.9,0.3,0,41,10.7,40.8,1018.3,
23/11/2021,2.9,2.3,3.8,0,0,43,10.5,35.2,1026,
24/11/2021,2.4,1.5,3.5,0,0,45,6.1,20.4,1021.9,
25/11/2021,1.3,0.1,2.6,1.8,0,18,3.9,13,1011.7,
26/11/2021,0.3,-0.9,2.1,0.5,10,261,6.6,24.1,1004.5,
27/11/2021,1.7,0.4,4.7,0.1,0,206,7.3,27.8,994.9,
28/11/2021,0.8,-0.2,2.1,7.7,10,231,6.1,22.2,999.3,
29/11/2021,-0.3,-1.2,1.1,1.1,20,260,8.7,38.9,1010.7,
30/11/2021,0.8,-0.6,3,2.5,50,233,23.8,68.5,1021.6,
01/12/2021,5.2,2.5,7.4,1.9,10,232,20.9,61.1,1008.6,
02/12/2021,2.5,-1.2,5.6,3.3,0,246,13.1,50,1006,
03/12/2021,0.2,-2.1,1.9,15.4,10,222,6.8,20.4,1016.4,
04/12/2021,3.2,-0.3,7.8,16.1,10,218,15.3,61.1,1005.4,
05/12/2021,2.2,0,4.3,0.5,0,229,9.4,46.3,1007.9,
06/12/2021,1,-0.4,2.4,1,0,223,4.5,27.8,1015.2,
07/12/2021,1.8,-0.1,5.1,3.8,10,214,10.8,37,1013.7,
08/12/2021,1,-0.1,2.9,19.7,0,210,4.1,11.1,1004.3,
09/12/2021,0.9,-0.6,2.6,0.3,30,229,7.3,22.2,1009.8,
10/12/2021,0.1,-2.1,2.2,5.8,20,183,12.6,63,1001.9,
11/12/2021,1.7,0.4,2.3,0.5,40,237,15,50,1017.9,
12/12/2021,1.6,-0.4,3.2,0,20,179,3.6,13,1029.9,
13/12/2021,2.3,-0.1,6.2,0,0,67,3.1,9.3,1030.4,
14/12/2021,1.3,-0.1,3.4,0,0,181,2.4,9.3,1031.3,
15/12/2021,0.8,-0.8,1.8,0.1,0,53,4.3,16.7,1033.8,
16/12/2021,1.6,0.3,2.7,0,0,57,6,20.4,1037.6,
17/12/2021,2.1,1.4,2.6,0,0,54,5.9,24.1,1038.4,
18/12/2021,0.9,-0.9,2.3,0,0,52,7.8,33.3,1037,
19/12/2021,-0.4,-1.9,0.6,0,0,72,2.9,11.1,1032.7,
20/12/2021,-0.4,-2.3,2.4,0,0,52,5.8,20.4,1027,
21/12/2021,-1.2,-1.9,-0.2,0,0,50,6,18.5,1025.4,
22/12/2021,-2.8,-4.4,-1.8,0,0,68,4.4,14.8,1026.5,
23/12/2021,1.3,-3.8,6.1,0.3,0,208,6.2,22.2,1020.6,
24/12/2021,5.9,4.6,7,1.9,0,216,7.1,22.2,1012.4,
25/12/2021,5,4.1,6.7,17.6,0,202,4.1,18.5,1007.4,
26/12/2021,5.5,4.8,6.6,3.4,0,189,4.1,16.7,1008.1,
27/12/2021,5.1,2.3,6.6,6.8,0,189,5.6,22.2,1006.3,
28/12/2021,6.9,3.9,11,4.9,0,222,18.3,74.1,1005,
29/12/2021,7.8,5.6,12.4,8.3,0,230,17.4,61.1,1013.6,
30/12/2021,11.3,9.6,12.8,0,0,228,10.1,46.3,1023,
31/12/2021,8.3,5.4,12.4,0,0,214,3.9,16.7,1026.6,
